"STATION","NAME","LATITUDE","LONGITUDE","ELEVATION","DATE","TAVG","TMAX","TMIN"
"USW00003822","SAVANNAH INTERNATIONAL AIRPORT, GA US","32.13133","-81.20237","14.0","1950-01","62.6","72.4","52.8"
"USW00003822","SAVANNAH INTERNATIONAL AIRPORT, GA US","32.13133","-81.20237","14.0","1950-02","57.4","68.2","46.7"
"USW00003822","SAVANNAH INTERNATIONAL AIRPORT, GA US","32.13133","-81.20237","14.0","1950-03","56.7","66.9","46.4"
"USW00003822","SAVANNAH INTERNATIONAL AIRPORT, GA US","32.13133","-81.20237","14.0","1950-04","62.7","74.5","51.0"
"USW00003822","SAVANNAH INTERNATIONAL AIRPORT, GA US","32.13133","-81.20237","14.0","1950-05","75.1","84.3","65.9"
"USW00003822","SAVANNAH INTERNATIONAL AIRPORT, GA US","32.13133","-81.20237","14.0","1950-06","81.1","91.0","71.2"
"USW00003822","SAVANNAH INTERNATIONAL AIRPORT, GA US","32.13133","-81.20237","14.0","1950-07","79.9","87.8","72.0"
"USW00003822","SAVANNAH INTERNATIONAL AIRPORT, GA US","32.13133","-81.20237","14.0","1950-08","80.1","88.6","71.6"
"USW00003822","SAVANNAH INTERNATIONAL AIRPORT, GA US","32.13133","-81.20237","14.0","1950-09","76.0","84.2","67.9"
"USW00003822","SAVANNAH INTERNATIONAL AIRPORT, GA US","32.13133","-81.20237","14.0","1950-10","69.2","78.7","59.6"
"USW00003822","SAVANNAH INTERNATIONAL AIRPORT, GA US","32.13133","-81.20237","14.0","1950-11","53.9","66.5","41.3"
"USW00003822","SAVANNAH INTERNATIONAL AIRPORT, GA US","32.13133","-81.20237","14.0","1950-12","46.0","56.5","35.5"
"USW00003822","SAVANNAH INTERNATIONAL AIRPORT, GA US","32.13133","-81.20237","14.0","1951-01","50.5","62.6","38.4"
"USW00003822","SAVANNAH INTERNATIONAL AIRPORT, GA US","32.13133","-81.20237","14.0","1951-02","52.3","65.6","38.9"
"USW00003822","SAVANNAH INTERNATIONAL AIRPORT, GA US","32.13133","-81.20237","14.0","1951-03","58.9","69.0","48.7"
"USW00003822","SAVANNAH INTERNATIONAL AIRPORT, GA US","32.13133","-81.20237","14.0","1951-04","64.3","75.1","53.6"
"USW00003822","SAVANNAH INTERNATIONAL AIRPORT, GA US","32.13133","-81.20237","14.0","1951-05","72.3","84.9","59.8"
"USW00003822","SAVANNAH INTERNATIONAL AIRPORT, GA US","32.13133","-81.20237","14.0","1951-06","80.2","91.1","69.3"
"USW00003822","SAVANNAH INTERNATIONAL AIRPORT, GA US","32.13133","-81.20237","14.0","1951-07","81.2","91.4","71.0"
"USW00003822","SAVANNAH INTERNATIONAL AIRPORT, GA US","32.13133","-81.20237","14.0","1951-08","82.3","92.4","72.2"
"USW00003822","SAVANNAH INTERNATIONAL AIRPORT, GA US","32.13133","-81.20237","14.0","1951-09","77.0","85.0","69.0"
"USW00003822","SAVANNAH INTERNATIONAL AIRPORT, GA US","32.13133","-81.20237","14.0","1951-10","70.1","78.9","61.3"
"USW00003822","SAVANNAH INTERNATIONAL AIRPORT, GA US","32.13133","-81.20237","14.0","1951-11","54.1","65.3","42.8"
"USW00003822","SAVANNAH INTERNATIONAL AIRPORT, GA US","32.13133","-81.20237","14.0","1951-12","55.7","66.8","44.6"
"USW00003822","SAVANNAH INTERNATIONAL AIRPORT, GA US","32.13133","-81.20237","14.0","1952-01","56.7","68.2","45.3"
"USW00003822","SAVANNAH INTERNATIONAL AIRPORT, GA US","32.13133","-81.20237","14.0","1952-02","53.8","65.0","42.7"
"USW00003822","SAVANNAH INTERNATIONAL AIRPORT, GA US","32.13133","-81.20237","14.0","1952-03","59.3","70.8","47.9"
"USW00003822","SAVANNAH INTERNATIONAL AIRPORT, GA US","32.13133","-81.20237","14.0","1952-04","64.0","76.1","51.9"
"USW00003822","SAVANNAH INTERNATIONAL AIRPORT, GA US","32.13133","-81.20237","14.0","1952-05","74.7","86.1","63.2"
"USW00003822","SAVANNAH INTERNATIONAL AIRPORT, GA US","32.13133","-81.20237","14.0","1952-06","83.6","94.7","72.5"
"USW00003822","SAVANNAH INTERNATIONAL AIRPORT, GA US","32.13133","-81.20237","14.0","1952-07","82.1","92.7","71.4"
"USW00003822","SAVANNAH INTERNATIONAL AIRPORT, GA US","32.13133","-81.20237","14.0","1952-08","80.6","90.9","70.3"
"USW00003822","SAVANNAH INTERNATIONAL AIRPORT, GA US","32.13133","-81.20237","14.0","1952-09","75.3","84.7","66.0"
"USW00003822","SAVANNAH INTERNATIONAL AIRPORT, GA US","32.13133","-81.20237","14.0","1952-10","63.2","75.7","50.8"
"USW00003822","SAVANNAH INTERNATIONAL AIRPORT, GA US","32.13133","-81.20237","14.0","1952-11","57.3","69.3","45.2"
"USW00003822","SAVANNAH INTERNATIONAL AIRPORT, GA US","32.13133","-81.20237","14.0","1952-12","48.7","60.1","37.4"
"USW00003822","SAVANNAH INTERNATIONAL AIRPORT, GA US","32.13133","-81.20237","14.0","1953-01","53.4","65.0","41.8"
"USW00003822","SAVANNAH INTERNATIONAL AIRPORT, GA US","32.13133","-81.20237","14.0","1953-02","54.0","64.9","43.2"
"USW00003822","SAVANNAH INTERNATIONAL AIRPORT, GA US","32.13133","-81.20237","14.0","1953-03","61.9","73.2","50.7"
"USW00003822","SAVANNAH INTERNATIONAL AIRPORT, GA US","32.13133","-81.20237","14.0","1953-04","64.2","76.0","52.4"
"USW00003822","SAVANNAH INTERNATIONAL AIRPORT, GA US","32.13133","-81.20237","14.0","1953-05","78.4","90.7","66.2"
"USW00003822","SAVANNAH INTERNATIONAL AIRPORT, GA US","32.13133","-81.20237","14.0","1953-06","78.7","88.3","69.0"
"USW00003822","SAVANNAH INTERNATIONAL AIRPORT, GA US","32.13133","-81.20237","14.0","1953-07","80.9","90.6","71.1"
"USW00003822","SAVANNAH INTERNATIONAL AIRPORT, GA US","32.13133","-81.20237","14.0","1953-08","79.5","89.0","70.1"
"USW00003822","SAVANNAH INTERNATIONAL AIRPORT, GA US","32.13133","-81.20237","14.0","1953-09","75.2","84.2","66.1"
"USW00003822","SAVANNAH INTERNATIONAL AIRPORT, GA US","32.13133","-81.20237","14.0","1953-10","67.1","78.6","55.7"
"USW00003822","SAVANNAH INTERNATIONAL AIRPORT, GA US","32.13133","-81.20237","14.0","1953-11","55.5","68.5","42.5"
"USW00003822","SAVANNAH INTERNATIONAL AIRPORT, GA US","32.13133","-81.20237","14.0","1953-12","51.4","62.2","40.5"
"USW00003822","SAVANNAH INTERNATIONAL AIRPORT, GA US","32.13133","-81.20237","14.0","1954-01","53.1","65.3","40.8"
"USW00003822","SAVANNAH INTERNATIONAL AIRPORT, GA US","32.13133","-81.20237","14.0","1954-02","55.2","68.1","42.3"
"USW00003822","SAVANNAH INTERNATIONAL AIRPORT, GA US","32.13133","-81.20237","14.0","1954-03","57.6","69.6","45.6"
"USW00003822","SAVANNAH INTERNATIONAL AIRPORT, GA US","32.13133","-81.20237","14.0","1954-04","68.7","80.0","57.4"
"USW00003822","SAVANNAH INTERNATIONAL AIRPORT, GA US","32.13133","-81.20237","14.0","1954-05","68.8","80.3","57.4"
"USW00003822","SAVANNAH INTERNATIONAL AIRPORT, GA US","32.13133","-81.20237","14.0","1954-06","80.1","91.4","68.8"
"USW00003822","SAVANNAH INTERNATIONAL AIRPORT, GA US","32.13133","-81.20237","14.0","1954-07","82.4","93.2","71.5"
"USW00003822","SAVANNAH INTERNATIONAL AIRPORT, GA US","32.13133","-81.20237","14.0","1954-08","83.8","96.2","71.4"
"USW00003822","SAVANNAH INTERNATIONAL AIRPORT, GA US","32.13133","-81.20237","14.0","1954-09","77.8","88.1","67.4"
"USW00003822","SAVANNAH INTERNATIONAL AIRPORT, GA US","32.13133","-81.20237","14.0","1954-10","66.0","78.2","53.7"
"USW00003822","SAVANNAH INTERNATIONAL AIRPORT, GA US","32.13133","-81.20237","14.0","1954-11","54.1","66.8","41.3"
"USW00003822","SAVANNAH INTERNATIONAL AIRPORT, GA US","32.13133","-81.20237","14.0","1954-12","48.3","61.1","35.6"
"USW00003822","SAVANNAH INTERNATIONAL AIRPORT, GA US","32.13133","-81.20237","14.0","1955-01","47.8","60.0","35.6"
"USW00003822","SAVANNAH INTERNATIONAL AIRPORT, GA US","32.13133","-81.20237","14.0","1955-02","53.3","65.6","40.9"
"USW00003822","SAVANNAH INTERNATIONAL AIRPORT, GA US","32.13133","-81.20237","14.0","1955-03","61.7","75.1","48.3"
"USW00003822","SAVANNAH INTERNATIONAL AIRPORT, GA US","32.13133","-81.20237","14.0","1955-04","67.5","79.3","55.8"
"USW00003822","SAVANNAH INTERNATIONAL AIRPORT, GA US","32.13133","-81.20237","14.0","1955-05","74.9","86.9","63.0"
"USW00003822","SAVANNAH INTERNATIONAL AIRPORT, GA US","32.13133","-81.20237","14.0","1955-06","75.7","87.1","64.3"
"USW00003822","SAVANNAH INTERNATIONAL AIRPORT, GA US","32.13133","-81.20237","14.0","1955-07","80.1","90.0","70.2"
"USW00003822","SAVANNAH INTERNATIONAL AIRPORT, GA US","32.13133","-81.20237","14.0","1955-08","81.2","91.5","70.9"
"USW00003822","SAVANNAH INTERNATIONAL AIRPORT, GA US","32.13133","-81.20237","14.0","1955-09","76.7","84.8","68.6"
"USW00003822","SAVANNAH INTERNATIONAL AIRPORT, GA US","32.13133","-81.20237","14.0","1955-10","65.8","77.7","53.9"
"USW00003822","SAVANNAH INTERNATIONAL AIRPORT, GA US","32.13133","-81.20237","14.0","1955-11","56.1","69.2","43.1"
"USW00003822","SAVANNAH INTERNATIONAL AIRPORT, GA US","32.13133","-81.20237","14.0","1955-12","48.6","59.4","37.7"
"USW00003822","SAVANNAH INTERNATIONAL AIRPORT, GA US","32.13133","-81.20237","14.0","1956-01","46.5","58.8","34.2"
"USW00003822","SAVANNAH INTERNATIONAL AIRPORT, GA US","32.13133","-81.20237","14.0","1956-02","58.6","70.3","46.8"
"USW00003822","SAVANNAH INTERNATIONAL AIRPORT, GA US","32.13133","-81.20237","14.0","1956-03","57.7","71.1","44.4"
"USW00003822","SAVANNAH INTERNATIONAL AIRPORT, GA US","32.13133","-81.20237","14.0","1956-04","64.7","76.7","52.6"
"USW00003822","SAVANNAH INTERNATIONAL AIRPORT, GA US","32.13133","-81.20237","14.0","1956-05","74.2","84.9","63.5"
"USW00003822","SAVANNAH INTERNATIONAL AIRPORT, GA US","32.13133","-81.20237","14.0","1956-06","77.8","88.5","67.2"
"USW00003822","SAVANNAH INTERNATIONAL AIRPORT, GA US","32.13133","-81.20237","14.0","1956-07","81.0","91.8","70.2"
"USW00003822","SAVANNAH INTERNATIONAL AIRPORT, GA US","32.13133","-81.20237","14.0","1956-08","81.2","91.6","70.8"
"USW00003822","SAVANNAH INTERNATIONAL AIRPORT, GA US","32.13133","-81.20237","14.0","1956-09","73.9","83.7","64.0"
"USW00003822","SAVANNAH INTERNATIONAL AIRPORT, GA US","32.13133","-81.20237","14.0","1956-10","67.7","76.2","59.3"
"USW00003822","SAVANNAH INTERNATIONAL AIRPORT, GA US","32.13133","-81.20237","14.0","1956-11","55.6","68.2","43.0"
"USW00003822","SAVANNAH INTERNATIONAL AIRPORT, GA US","32.13133","-81.20237","14.0","1956-12","58.4","71.1","45.8"
"USW00003822","SAVANNAH INTERNATIONAL AIRPORT, GA US","32.13133","-81.20237","14.0","1957-01","52.9","63.7","42.0"
"USW00003822","SAVANNAH INTERNATIONAL AIRPORT, GA US","32.13133","-81.20237","14.0","1957-02","59.0","69.5","48.5"
"USW00003822","SAVANNAH INTERNATIONAL AIRPORT, GA US","32.13133","-81.20237","14.0","1957-03","57.2","67.2","47.3"
"USW00003822","SAVANNAH INTERNATIONAL AIRPORT, GA US","32.13133","-81.20237","14.0","1957-04","65.8","76.9","54.7"
"USW00003822","SAVANNAH INTERNATIONAL AIRPORT, GA US","32.13133","-81.20237","14.0","1957-05","72.8","82.2","63.3"
"USW00003822","SAVANNAH INTERNATIONAL AIRPORT, GA US","32.13133","-81.20237","14.0","1957-06","78.8","88.0","69.5"
"USW00003822","SAVANNAH INTERNATIONAL AIRPORT, GA US","32.13133","-81.20237","14.0","1957-07","79.3","88.8","69.9"
"USW00003822","SAVANNAH INTERNATIONAL AIRPORT, GA US","32.13133","-81.20237","14.0","1957-08","80.0","90.3","69.7"
"USW00003822","SAVANNAH INTERNATIONAL AIRPORT, GA US","32.13133","-81.20237","14.0","1957-09","77.3","85.8","68.8"
"USW00003822","SAVANNAH INTERNATIONAL AIRPORT, GA US","32.13133","-81.20237","14.0","1957-10","63.1","72.3","53.9"
"USW00003822","SAVANNAH INTERNATIONAL AIRPORT, GA US","32.13133","-81.20237","14.0","1957-11","59.0","69.8","48.2"
"USW00003822","SAVANNAH INTERNATIONAL AIRPORT, GA US","32.13133","-81.20237","14.0","1957-12","50.5","62.2","38.8"
"USW00003822","SAVANNAH INTERNATIONAL AIRPORT, GA US","32.13133","-81.20237","14.0","1958-01","43.9","53.5","34.2"
"USW00003822","SAVANNAH INTERNATIONAL AIRPORT, GA US","32.13133","-81.20237","14.0","1958-02","44.2","56.2","32.1"
"USW00003822","SAVANNAH INTERNATIONAL AIRPORT, GA US","32.13133","-81.20237","14.0","1958-03","54.0","63.8","44.2"
"USW00003822","SAVANNAH INTERNATIONAL AIRPORT, GA US","32.13133","-81.20237","14.0","1958-04","65.9","76.7","55.1"
"USW00003822","SAVANNAH INTERNATIONAL AIRPORT, GA US","32.13133","-81.20237","14.0","1958-05","72.3","82.1","62.5"
"USW00003822","SAVANNAH INTERNATIONAL AIRPORT, GA US","32.13133","-81.20237","14.0","1958-06","78.8","88.6","69.1"
"USW00003822","SAVANNAH INTERNATIONAL AIRPORT, GA US","32.13133","-81.20237","14.0","1958-07","81.9","91.2","72.5"
"USW00003822","SAVANNAH INTERNATIONAL AIRPORT, GA US","32.13133","-81.20237","14.0","1958-08","81.0","90.8","71.2"
"USW00003822","SAVANNAH INTERNATIONAL AIRPORT, GA US","32.13133","-81.20237","14.0","1958-09","77.7","87.3","68.1"
"USW00003822","SAVANNAH INTERNATIONAL AIRPORT, GA US","32.13133","-81.20237","14.0","1958-10","63.9","74.7","53.1"
"USW00003822","SAVANNAH INTERNATIONAL AIRPORT, GA US","32.13133","-81.20237","14.0","1958-11","61.2","73.7","48.6"
"USW00003822","SAVANNAH INTERNATIONAL AIRPORT, GA US","32.13133","-81.20237","14.0","1958-12","48.1","59.4","36.8"
"USW00003822","SAVANNAH INTERNATIONAL AIRPORT, GA US","32.13133","-81.20237","14.0","1959-01","47.5","60.3","34.7"
"USW00003822","SAVANNAH INTERNATIONAL AIRPORT, GA US","32.13133","-81.20237","14.0","1959-02","55.5","64.5","46.5"
"USW00003822","SAVANNAH INTERNATIONAL AIRPORT, GA US","32.13133","-81.20237","14.0","1959-03","56.7","67.2","46.2"
"USW00003822","SAVANNAH INTERNATIONAL AIRPORT, GA US","32.13133","-81.20237","14.0","1959-04","66.7","78.1","55.3"
"USW00003822","SAVANNAH INTERNATIONAL AIRPORT, GA US","32.13133","-81.20237","14.0","1959-05","75.4","85.8","64.9"
"USW00003822","SAVANNAH INTERNATIONAL AIRPORT, GA US","32.13133","-81.20237","14.0","1959-06","78.7","88.7","68.6"
"USW00003822","SAVANNAH INTERNATIONAL AIRPORT, GA US","32.13133","-81.20237","14.0","1959-07","80.4","89.5","71.2"
"USW00003822","SAVANNAH INTERNATIONAL AIRPORT, GA US","32.13133","-81.20237","14.0","1959-08","80.5","90.4","70.6"
"USW00003822","SAVANNAH INTERNATIONAL AIRPORT, GA US","32.13133","-81.20237","14.0","1959-09","76.3","84.4","68.3"
"USW00003822","SAVANNAH INTERNATIONAL AIRPORT, GA US","32.13133","-81.20237","14.0","1959-10","70.2","78.2","62.3"
"USW00003822","SAVANNAH INTERNATIONAL AIRPORT, GA US","32.13133","-81.20237","14.0","1959-11","57.2","68.1","46.2"
"USW00003822","SAVANNAH INTERNATIONAL AIRPORT, GA US","32.13133","-81.20237","14.0","1959-12","49.8","60.9","38.8"
"USW00003822","SAVANNAH INTERNATIONAL AIRPORT, GA US","32.13133","-81.20237","14.0","1960-01","49.6","59.9","39.3"
"USW00003822","SAVANNAH INTERNATIONAL AIRPORT, GA US","32.13133","-81.20237","14.0","1960-02","49.5","60.6","38.5"
"USW00003822","SAVANNAH INTERNATIONAL AIRPORT, GA US","32.13133","-81.20237","14.0","1960-03","47.8","58.2","37.3"
"USW00003822","SAVANNAH INTERNATIONAL AIRPORT, GA US","32.13133","-81.20237","14.0","1960-04","66.5","78.3","54.6"
"USW00003822","SAVANNAH INTERNATIONAL AIRPORT, GA US","32.13133","-81.20237","14.0","1960-05","72.2","84.2","60.2"
"USW00003822","SAVANNAH INTERNATIONAL AIRPORT, GA US","32.13133","-81.20237","14.0","1960-06","78.2","88.0","68.4"
"USW00003822","SAVANNAH INTERNATIONAL AIRPORT, GA US","32.13133","-81.20237","14.0","1960-07","81.2","90.6","71.9"
"USW00003822","SAVANNAH INTERNATIONAL AIRPORT, GA US","32.13133","-81.20237","14.0","1960-08","80.6","89.8","71.4"
"USW00003822","SAVANNAH INTERNATIONAL AIRPORT, GA US","32.13133","-81.20237","14.0","1960-09","76.4","85.1","67.7"
"USW00003822","SAVANNAH INTERNATIONAL AIRPORT, GA US","32.13133","-81.20237","14.0","1960-10","69.3","80.1","58.6"
"USW00003822","SAVANNAH INTERNATIONAL AIRPORT, GA US","32.13133","-81.20237","14.0","1960-11","59.3","71.3","47.3"
"USW00003822","SAVANNAH INTERNATIONAL AIRPORT, GA US","32.13133","-81.20237","14.0","1960-12","45.2","58.8","31.5"
"USW00003822","SAVANNAH INTERNATIONAL AIRPORT, GA US","32.13133","-81.20237","14.0","1961-01","45.6","56.6","34.5"
"USW00003822","SAVANNAH INTERNATIONAL AIRPORT, GA US","32.13133","-81.20237","14.0","1961-02","54.7","65.8","43.6"
"USW00003822","SAVANNAH INTERNATIONAL AIRPORT, GA US","32.13133","-81.20237","14.0","1961-03","63.2","75.4","51.0"
"USW00003822","SAVANNAH INTERNATIONAL AIRPORT, GA US","32.13133","-81.20237","14.0","1961-04","61.4","72.8","49.9"
"USW00003822","SAVANNAH INTERNATIONAL AIRPORT, GA US","32.13133","-81.20237","14.0","1961-05","71.3","81.4","61.2"
"USW00003822","SAVANNAH INTERNATIONAL AIRPORT, GA US","32.13133","-81.20237","14.0","1961-06","77.5","87.9","67.1"
"USW00003822","SAVANNAH INTERNATIONAL AIRPORT, GA US","32.13133","-81.20237","14.0","1961-07","81.7","92.1","71.4"
"USW00003822","SAVANNAH INTERNATIONAL AIRPORT, GA US","32.13133","-81.20237","14.0","1961-08","79.1","87.8","70.4"
"USW00003822","SAVANNAH INTERNATIONAL AIRPORT, GA US","32.13133","-81.20237","14.0","1961-09","77.0","86.5","67.6"
"USW00003822","SAVANNAH INTERNATIONAL AIRPORT, GA US","32.13133","-81.20237","14.0","1961-10","65.2","77.7","52.8"
"USW00003822","SAVANNAH INTERNATIONAL AIRPORT, GA US","32.13133","-81.20237","14.0","1961-11","60.6","71.9","49.4"
"USW00003822","SAVANNAH INTERNATIONAL AIRPORT, GA US","32.13133","-81.20237","14.0","1961-12","52.1","63.7","40.5"
"USW00003822","SAVANNAH INTERNATIONAL AIRPORT, GA US","32.13133","-81.20237","14.0","1962-01","49.0","59.6","38.3"
"USW00003822","SAVANNAH INTERNATIONAL AIRPORT, GA US","32.13133","-81.20237","14.0","1962-02","57.8","69.8","45.8"
"USW00003822","SAVANNAH INTERNATIONAL AIRPORT, GA US","32.13133","-81.20237","14.0","1962-03","55.0","65.7","44.4"
"USW00003822","SAVANNAH INTERNATIONAL AIRPORT, GA US","32.13133","-81.20237","14.0","1962-04","63.2","75.4","51.1"
"USW00003822","SAVANNAH INTERNATIONAL AIRPORT, GA US","32.13133","-81.20237","14.0","1962-05","76.9","89.1","64.8"
"USW00003822","SAVANNAH INTERNATIONAL AIRPORT, GA US","32.13133","-81.20237","14.0","1962-06","77.5","86.9","68.2"
"USW00003822","SAVANNAH INTERNATIONAL AIRPORT, GA US","32.13133","-81.20237","14.0","1962-07","81.9","91.7","72.1"
"USW00003822","SAVANNAH INTERNATIONAL AIRPORT, GA US","32.13133","-81.20237","14.0","1962-08","80.2","89.7","70.7"
"USW00003822","SAVANNAH INTERNATIONAL AIRPORT, GA US","32.13133","-81.20237","14.0","1962-09","75.3","84.5","66.0"
"USW00003822","SAVANNAH INTERNATIONAL AIRPORT, GA US","32.13133","-81.20237","14.0","1962-10","68.3","80.0","56.5"
"USW00003822","SAVANNAH INTERNATIONAL AIRPORT, GA US","32.13133","-81.20237","14.0","1962-11","54.3","64.9","43.8"
"USW00003822","SAVANNAH INTERNATIONAL AIRPORT, GA US","32.13133","-81.20237","14.0","1962-12","47.2","58.3","36.1"
"USW00003822","SAVANNAH INTERNATIONAL AIRPORT, GA US","32.13133","-81.20237","14.0","1963-01","46.8","57.3","36.2"
"USW00003822","SAVANNAH INTERNATIONAL AIRPORT, GA US","32.13133","-81.20237","14.0","1963-02","47.1","58.0","36.2"
"USW00003822","SAVANNAH INTERNATIONAL AIRPORT, GA US","32.13133","-81.20237","14.0","1963-03","61.2","73.5","49.0"
"USW00003822","SAVANNAH INTERNATIONAL AIRPORT, GA US","32.13133","-81.20237","14.0","1963-04","66.9","77.8","56.0"
"USW00003822","SAVANNAH INTERNATIONAL AIRPORT, GA US","32.13133","-81.20237","14.0","1963-05","72.6","83.2","62.0"
"USW00003822","SAVANNAH INTERNATIONAL AIRPORT, GA US","32.13133","-81.20237","14.0","1963-06","79.1","88.8","69.3"
"USW00003822","SAVANNAH INTERNATIONAL AIRPORT, GA US","32.13133","-81.20237","14.0","1963-07","80.0","89.9","70.2"
"USW00003822","SAVANNAH INTERNATIONAL AIRPORT, GA US","32.13133","-81.20237","14.0","1963-08","81.7","91.8","71.6"
"USW00003822","SAVANNAH INTERNATIONAL AIRPORT, GA US","32.13133","-81.20237","14.0","1963-09","74.3","83.8","64.8"
"USW00003822","SAVANNAH INTERNATIONAL AIRPORT, GA US","32.13133","-81.20237","14.0","1963-10","66.6","79.2","54.1"
"USW00003822","SAVANNAH INTERNATIONAL AIRPORT, GA US","32.13133","-81.20237","14.0","1963-11","57.3","69.4","45.1"
"USW00003822","SAVANNAH INTERNATIONAL AIRPORT, GA US","32.13133","-81.20237","14.0","1963-12","43.7","54.6","32.7"
"USW00003822","SAVANNAH INTERNATIONAL AIRPORT, GA US","32.13133","-81.20237","14.0","1964-01","48.2","59.2","37.2"
"USW00003822","SAVANNAH INTERNATIONAL AIRPORT, GA US","32.13133","-81.20237","14.0","1964-02","47.8","58.5","37.0"
"USW00003822","SAVANNAH INTERNATIONAL AIRPORT, GA US","32.13133","-81.20237","14.0","1964-03","58.3","70.1","46.6"
"USW00003822","SAVANNAH INTERNATIONAL AIRPORT, GA US","32.13133","-81.20237","14.0","1964-04","66.8","78.5","55.1"
"USW00003822","SAVANNAH INTERNATIONAL AIRPORT, GA US","32.13133","-81.20237","14.0","1964-05","73.2","84.5","61.8"
"USW00003822","SAVANNAH INTERNATIONAL AIRPORT, GA US","32.13133","-81.20237","14.0","1964-06","81.4","91.8","70.9"
"USW00003822","SAVANNAH INTERNATIONAL AIRPORT, GA US","32.13133","-81.20237","14.0","1964-07","79.1","88.6","69.7"
"USW00003822","SAVANNAH INTERNATIONAL AIRPORT, GA US","32.13133","-81.20237","14.0","1964-08","79.6","88.6","70.6"
"USW00003822","SAVANNAH INTERNATIONAL AIRPORT, GA US","32.13133","-81.20237","14.0","1964-09","74.7","84.4","65.0"
"USW00003822","SAVANNAH INTERNATIONAL AIRPORT, GA US","32.13133","-81.20237","14.0","1964-10","63.1","74.4","51.8"
"USW00003822","SAVANNAH INTERNATIONAL AIRPORT, GA US","32.13133","-81.20237","14.0","1964-11","60.1","72.5","47.7"
"USW00003822","SAVANNAH INTERNATIONAL AIRPORT, GA US","32.13133","-81.20237","14.0","1964-12","53.7","64.5","42.8"
"USW00003822","SAVANNAH INTERNATIONAL AIRPORT, GA US","32.13133","-81.20237","14.0","1965-01","49.9","63.8","36.0"
"USW00003822","SAVANNAH INTERNATIONAL AIRPORT, GA US","32.13133","-81.20237","14.0","1965-02","52.4","64.0","40.8"
"USW00003822","SAVANNAH INTERNATIONAL AIRPORT, GA US","32.13133","-81.20237","14.0","1965-03","56.8","67.6","45.9"
"USW00003822","SAVANNAH INTERNATIONAL AIRPORT, GA US","32.13133","-81.20237","14.0","1965-04","66.4","77.6","55.1"
"USW00003822","SAVANNAH INTERNATIONAL AIRPORT, GA US","32.13133","-81.20237","14.0","1965-05","74.8","88.2","61.3"
"USW00003822","SAVANNAH INTERNATIONAL AIRPORT, GA US","32.13133","-81.20237","14.0","1965-06","76.4","86.1","66.6"
"USW00003822","SAVANNAH INTERNATIONAL AIRPORT, GA US","32.13133","-81.20237","14.0","1965-07","79.8","89.3","70.2"
"USW00003822","SAVANNAH INTERNATIONAL AIRPORT, GA US","32.13133","-81.20237","14.0","1965-08","80.5","90.4","70.7"
"USW00003822","SAVANNAH INTERNATIONAL AIRPORT, GA US","32.13133","-81.20237","14.0","1965-09","76.7","85.8","67.6"
"USW00003822","SAVANNAH INTERNATIONAL AIRPORT, GA US","32.13133","-81.20237","14.0","1965-10","66.1","78.0","54.2"
"USW00003822","SAVANNAH INTERNATIONAL AIRPORT, GA US","32.13133","-81.20237","14.0","1965-11","58.0","70.5","45.5"
"USW00003822","SAVANNAH INTERNATIONAL AIRPORT, GA US","32.13133","-81.20237","14.0","1965-12","50.1","63.6","36.5"
"USW00003822","SAVANNAH INTERNATIONAL AIRPORT, GA US","32.13133","-81.20237","14.0","1966-01","44.9","55.5","34.3"
"USW00003822","SAVANNAH INTERNATIONAL AIRPORT, GA US","32.13133","-81.20237","14.0","1966-02","51.2","63.1","39.3"
"USW00003822","SAVANNAH INTERNATIONAL AIRPORT, GA US","32.13133","-81.20237","14.0","1966-03","55.6","68.6","42.5"
"USW00003822","SAVANNAH INTERNATIONAL AIRPORT, GA US","32.13133","-81.20237","14.0","1966-04","64.7","77.8","51.5"
"USW00003822","SAVANNAH INTERNATIONAL AIRPORT, GA US","32.13133","-81.20237","14.0","1966-05","71.6","80.9","62.3"
"USW00003822","SAVANNAH INTERNATIONAL AIRPORT, GA US","32.13133","-81.20237","14.0","1966-06","74.6","85.1","64.0"
"USW00003822","SAVANNAH INTERNATIONAL AIRPORT, GA US","32.13133","-81.20237","14.0","1966-07","80.9","89.9","71.8"
"USW00003822","SAVANNAH INTERNATIONAL AIRPORT, GA US","32.13133","-81.20237","14.0","1966-08","79.6","88.6","70.5"
"USW00003822","SAVANNAH INTERNATIONAL AIRPORT, GA US","32.13133","-81.20237","14.0","1966-09","76.4","86.5","66.3"
"USW00003822","SAVANNAH INTERNATIONAL AIRPORT, GA US","32.13133","-81.20237","14.0","1966-10","67.3","79.0","55.6"
"USW00003822","SAVANNAH INTERNATIONAL AIRPORT, GA US","32.13133","-81.20237","14.0","1966-11","57.0","70.2","43.9"
"USW00003822","SAVANNAH INTERNATIONAL AIRPORT, GA US","32.13133","-81.20237","14.0","1966-12","49.4","62.0","36.9"
"USW00003822","SAVANNAH INTERNATIONAL AIRPORT, GA US","32.13133","-81.20237","14.0","1967-01","51.3","64.0","38.7"
"USW00003822","SAVANNAH INTERNATIONAL AIRPORT, GA US","32.13133","-81.20237","14.0","1967-02","49.5","61.2","37.9"
"USW00003822","SAVANNAH INTERNATIONAL AIRPORT, GA US","32.13133","-81.20237","14.0","1967-03","61.6","75.6","47.6"
"USW00003822","SAVANNAH INTERNATIONAL AIRPORT, GA US","32.13133","-81.20237","14.0","1967-04","69.0","81.9","56.1"
"USW00003822","SAVANNAH INTERNATIONAL AIRPORT, GA US","32.13133","-81.20237","14.0","1967-05","73.2","85.5","60.9"
"USW00003822","SAVANNAH INTERNATIONAL AIRPORT, GA US","32.13133","-81.20237","14.0","1967-06","77.2","85.9","68.4"
"USW00003822","SAVANNAH INTERNATIONAL AIRPORT, GA US","32.13133","-81.20237","14.0","1967-07","79.9","89.8","69.9"
"USW00003822","SAVANNAH INTERNATIONAL AIRPORT, GA US","32.13133","-81.20237","14.0","1967-08","79.4","88.5","70.3"
"USW00003822","SAVANNAH INTERNATIONAL AIRPORT, GA US","32.13133","-81.20237","14.0","1967-09","71.5","82.4","60.7"
"USW00003822","SAVANNAH INTERNATIONAL AIRPORT, GA US","32.13133","-81.20237","14.0","1967-10","64.4","77.6","51.2"
"USW00003822","SAVANNAH INTERNATIONAL AIRPORT, GA US","32.13133","-81.20237","14.0","1967-11","56.3","70.1","42.6"
"USW00003822","SAVANNAH INTERNATIONAL AIRPORT, GA US","32.13133","-81.20237","14.0","1967-12","55.3","67.8","42.8"
"USW00003822","SAVANNAH INTERNATIONAL AIRPORT, GA US","32.13133","-81.20237","14.0","1968-01","45.6","57.3","34.0"
"USW00003822","SAVANNAH INTERNATIONAL AIRPORT, GA US","32.13133","-81.20237","14.0","1968-02","44.6","57.1","32.1"
"USW00003822","SAVANNAH INTERNATIONAL AIRPORT, GA US","32.13133","-81.20237","14.0","1968-03","56.9","71.4","42.4"
"USW00003822","SAVANNAH INTERNATIONAL AIRPORT, GA US","32.13133","-81.20237","14.0","1968-04","68.0","80.3","55.7"
"USW00003822","SAVANNAH INTERNATIONAL AIRPORT, GA US","32.13133","-81.20237","14.0","1968-05","72.5","83.6","61.3"
"USW00003822","SAVANNAH INTERNATIONAL AIRPORT, GA US","32.13133","-81.20237","14.0","1968-06","79.1","88.9","69.3"
"USW00003822","SAVANNAH INTERNATIONAL AIRPORT, GA US","32.13133","-81.20237","14.0","1968-07","81.6","91.1","72.0"
"USW00003822","SAVANNAH INTERNATIONAL AIRPORT, GA US","32.13133","-81.20237","14.0","1968-08","82.1","91.7","72.6"
"USW00003822","SAVANNAH INTERNATIONAL AIRPORT, GA US","32.13133","-81.20237","14.0","1968-09","76.5","87.1","65.8"
"USW00003822","SAVANNAH INTERNATIONAL AIRPORT, GA US","32.13133","-81.20237","14.0","1968-10","68.7","80.0","57.4"
"USW00003822","SAVANNAH INTERNATIONAL AIRPORT, GA US","32.13133","-81.20237","14.0","1968-11","54.8","67.6","41.9"
"USW00003822","SAVANNAH INTERNATIONAL AIRPORT, GA US","32.13133","-81.20237","14.0","1968-12","47.6","60.7","34.4"
"USW00003822","SAVANNAH INTERNATIONAL AIRPORT, GA US","32.13133","-81.20237","14.0","1969-01","47.3","59.1","35.6"
"USW00003822","SAVANNAH INTERNATIONAL AIRPORT, GA US","32.13133","-81.20237","14.0","1969-02","47.1","58.5","35.7"
"USW00003822","SAVANNAH INTERNATIONAL AIRPORT, GA US","32.13133","-81.20237","14.0","1969-03","52.3","64.8","39.9"
"USW00003822","SAVANNAH INTERNATIONAL AIRPORT, GA US","32.13133","-81.20237","14.0","1969-04","66.1","78.8","53.3"
"USW00003822","SAVANNAH INTERNATIONAL AIRPORT, GA US","32.13133","-81.20237","14.0","1969-05","70.9","81.9","60.0"
"USW00003822","SAVANNAH INTERNATIONAL AIRPORT, GA US","32.13133","-81.20237","14.0","1969-06","79.7","89.3","70.1"
"USW00003822","SAVANNAH INTERNATIONAL AIRPORT, GA US","32.13133","-81.20237","14.0","1969-07","82.1","91.1","73.2"
"USW00003822","SAVANNAH INTERNATIONAL AIRPORT, GA US","32.13133","-81.20237","14.0","1969-08","78.9","86.2","71.5"
"USW00003822","SAVANNAH INTERNATIONAL AIRPORT, GA US","32.13133","-81.20237","14.0","1969-09","75.4","82.5","68.2"
"USW00003822","SAVANNAH INTERNATIONAL AIRPORT, GA US","32.13133","-81.20237","14.0","1969-10","69.9","78.9","60.7"
"USW00003822","SAVANNAH INTERNATIONAL AIRPORT, GA US","32.13133","-81.20237","14.0","1969-11","53.9","66.2","41.6"
"USW00003822","SAVANNAH INTERNATIONAL AIRPORT, GA US","32.13133","-81.20237","14.0","1969-12","47.6","60.3","35.0"
"USW00003822","SAVANNAH INTERNATIONAL AIRPORT, GA US","32.13133","-81.20237","14.0","1970-01","42.4","53.1","31.6"
"USW00003822","SAVANNAH INTERNATIONAL AIRPORT, GA US","32.13133","-81.20237","14.0","1970-02","49.2","62.2","36.1"
"USW00003822","SAVANNAH INTERNATIONAL AIRPORT, GA US","32.13133","-81.20237","14.0","1970-03","59.2","70.0","48.3"
"USW00003822","SAVANNAH INTERNATIONAL AIRPORT, GA US","32.13133","-81.20237","14.0","1970-04","68.3","78.8","57.6"
"USW00003822","SAVANNAH INTERNATIONAL AIRPORT, GA US","32.13133","-81.20237","14.0","1970-05","72.9","85.0","60.9"
"USW00003822","SAVANNAH INTERNATIONAL AIRPORT, GA US","32.13133","-81.20237","14.0","1970-06","78.2","88.0","68.4"
"USW00003822","SAVANNAH INTERNATIONAL AIRPORT, GA US","32.13133","-81.20237","14.0","1970-07","81.6","91.5","71.7"
"USW00003822","SAVANNAH INTERNATIONAL AIRPORT, GA US","32.13133","-81.20237","14.0","1970-08","81.7","89.8","73.7"
"USW00003822","SAVANNAH INTERNATIONAL AIRPORT, GA US","32.13133","-81.20237","14.0","1970-09","78.9","88.4","69.3"
"USW00003822","SAVANNAH INTERNATIONAL AIRPORT, GA US","32.13133","-81.20237","14.0","1970-10","70.2","80.5","59.9"
"USW00003822","SAVANNAH INTERNATIONAL AIRPORT, GA US","32.13133","-81.20237","14.0","1970-11","54.8","68.8","40.7"
"USW00003822","SAVANNAH INTERNATIONAL AIRPORT, GA US","32.13133","-81.20237","14.0","1970-12","54.1","67.3","40.8"
"USW00003822","SAVANNAH INTERNATIONAL AIRPORT, GA US","32.13133","-81.20237","14.0","1971-01","50.0","61.7","38.4"
"USW00003822","SAVANNAH INTERNATIONAL AIRPORT, GA US","32.13133","-81.20237","14.0","1971-02","52.4","65.7","39.1"
"USW00003822","SAVANNAH INTERNATIONAL AIRPORT, GA US","32.13133","-81.20237","14.0","1971-03","54.4","68.0","40.9"
"USW00003822","SAVANNAH INTERNATIONAL AIRPORT, GA US","32.13133","-81.20237","14.0","1971-04","64.6","78.6","50.5"
"USW00003822","SAVANNAH INTERNATIONAL AIRPORT, GA US","32.13133","-81.20237","14.0","1971-05","71.1","82.7","59.6"
"USW00003822","SAVANNAH INTERNATIONAL AIRPORT, GA US","32.13133","-81.20237","14.0","1971-06","80.5","91.6","69.4"
"USW00003822","SAVANNAH INTERNATIONAL AIRPORT, GA US","32.13133","-81.20237","14.0","1971-07","80.9","89.6","72.2"
"USW00003822","SAVANNAH INTERNATIONAL AIRPORT, GA US","32.13133","-81.20237","14.0","1971-08","80.8","88.7","72.9"
"USW00003822","SAVANNAH INTERNATIONAL AIRPORT, GA US","32.13133","-81.20237","14.0","1971-09","78.6","87.6","69.5"
"USW00003822","SAVANNAH INTERNATIONAL AIRPORT, GA US","32.13133","-81.20237","14.0","1971-10","72.4","81.7","63.2"
"USW00003822","SAVANNAH INTERNATIONAL AIRPORT, GA US","32.13133","-81.20237","14.0","1971-11","58.0","70.4","45.6"
"USW00003822","SAVANNAH INTERNATIONAL AIRPORT, GA US","32.13133","-81.20237","14.0","1971-12","60.6","70.3","50.9"
"USW00003822","SAVANNAH INTERNATIONAL AIRPORT, GA US","32.13133","-81.20237","14.0","1972-01","57.4","67.9","47.0"
"USW00003822","SAVANNAH INTERNATIONAL AIRPORT, GA US","32.13133","-81.20237","14.0","1972-02","51.3","61.2","41.4"
"USW00003822","SAVANNAH INTERNATIONAL AIRPORT, GA US","32.13133","-81.20237","14.0","1972-03","59.2","71.9","46.6"
"USW00003822","SAVANNAH INTERNATIONAL AIRPORT, GA US","32.13133","-81.20237","14.0","1972-04","66.7","78.9","54.4"
"USW00003822","SAVANNAH INTERNATIONAL AIRPORT, GA US","32.13133","-81.20237","14.0","1972-05","71.6","81.2","62.0"
"USW00003822","SAVANNAH INTERNATIONAL AIRPORT, GA US","32.13133","-81.20237","14.0","1972-06","75.7","86.6","64.8"
"USW00003822","SAVANNAH INTERNATIONAL AIRPORT, GA US","32.13133","-81.20237","14.0","1972-07","81.0","91.2","70.7"
"USW00003822","SAVANNAH INTERNATIONAL AIRPORT, GA US","32.13133","-81.20237","14.0","1972-08","81.0","90.6","71.3"
"USW00003822","SAVANNAH INTERNATIONAL AIRPORT, GA US","32.13133","-81.20237","14.0","1972-09","77.3","87.6","67.0"
"USW00003822","SAVANNAH INTERNATIONAL AIRPORT, GA US","32.13133","-81.20237","14.0","1972-10","68.1","79.3","56.8"
"USW00003822","SAVANNAH INTERNATIONAL AIRPORT, GA US","32.13133","-81.20237","14.0","1972-11","58.1","69.0","47.2"
"USW00003822","SAVANNAH INTERNATIONAL AIRPORT, GA US","32.13133","-81.20237","14.0","1972-12","57.1","67.3","46.9"
"USW00003822","SAVANNAH INTERNATIONAL AIRPORT, GA US","32.13133","-81.20237","14.0","1973-01","49.8","60.2","39.4"
"USW00003822","SAVANNAH INTERNATIONAL AIRPORT, GA US","32.13133","-81.20237","14.0","1973-02","49.6","61.1","38.1"
"USW00003822","SAVANNAH INTERNATIONAL AIRPORT, GA US","32.13133","-81.20237","14.0","1973-03","63.6","73.0","54.2"
"USW00003822","SAVANNAH INTERNATIONAL AIRPORT, GA US","32.13133","-81.20237","14.0","1973-04","64.0","74.9","53.0"
"USW00003822","SAVANNAH INTERNATIONAL AIRPORT, GA US","32.13133","-81.20237","14.0","1973-05","73.5","84.5","62.5"
"USW00003822","SAVANNAH INTERNATIONAL AIRPORT, GA US","32.13133","-81.20237","14.0","1973-06","79.3","87.9","70.6"
"USW00003822","SAVANNAH INTERNATIONAL AIRPORT, GA US","32.13133","-81.20237","14.0","1973-07","82.1","91.5","72.8"
"USW00003822","SAVANNAH INTERNATIONAL AIRPORT, GA US","32.13133","-81.20237","14.0","1973-08","80.0","88.6","71.4"
"USW00003822","SAVANNAH INTERNATIONAL AIRPORT, GA US","32.13133","-81.20237","14.0","1973-09","79.0","87.4","70.6"
"USW00003822","SAVANNAH INTERNATIONAL AIRPORT, GA US","32.13133","-81.20237","14.0","1973-10","68.9","79.9","57.9"
"USW00003822","SAVANNAH INTERNATIONAL AIRPORT, GA US","32.13133","-81.20237","14.0","1973-11","61.6","73.9","49.2"
"USW00003822","SAVANNAH INTERNATIONAL AIRPORT, GA US","32.13133","-81.20237","14.0","1973-12","51.2","62.7","39.6"
"USW00003822","SAVANNAH INTERNATIONAL AIRPORT, GA US","32.13133","-81.20237","14.0","1974-01","62.9","72.7","53.1"
"USW00003822","SAVANNAH INTERNATIONAL AIRPORT, GA US","32.13133","-81.20237","14.0","1974-02","52.9","65.8","40.1"
"USW00003822","SAVANNAH INTERNATIONAL AIRPORT, GA US","32.13133","-81.20237","14.0","1974-03","63.8","75.8","51.9"
"USW00003822","SAVANNAH INTERNATIONAL AIRPORT, GA US","32.13133","-81.20237","14.0","1974-04","65.6","78.0","53.2"
"USW00003822","SAVANNAH INTERNATIONAL AIRPORT, GA US","32.13133","-81.20237","14.0","1974-05","74.4","84.8","64.1"
"USW00003822","SAVANNAH INTERNATIONAL AIRPORT, GA US","32.13133","-81.20237","14.0","1974-06","76.8","86.7","66.9"
"USW00003822","SAVANNAH INTERNATIONAL AIRPORT, GA US","32.13133","-81.20237","14.0","1974-07","79.2","88.1","70.3"
"USW00003822","SAVANNAH INTERNATIONAL AIRPORT, GA US","32.13133","-81.20237","14.0","1974-08","79.6","88.0","71.3"
"USW00003822","SAVANNAH INTERNATIONAL AIRPORT, GA US","32.13133","-81.20237","14.0","1974-09","76.3","84.6","67.9"
"USW00003822","SAVANNAH INTERNATIONAL AIRPORT, GA US","32.13133","-81.20237","14.0","1974-10","64.6","77.9","51.3"
"USW00003822","SAVANNAH INTERNATIONAL AIRPORT, GA US","32.13133","-81.20237","14.0","1974-11","57.7","70.6","44.8"
"USW00003822","SAVANNAH INTERNATIONAL AIRPORT, GA US","32.13133","-81.20237","14.0","1974-12","53.1","64.2","42.0"
"USW00003822","SAVANNAH INTERNATIONAL AIRPORT, GA US","32.13133","-81.20237","14.0","1975-01","55.3","66.0","44.5"
"USW00003822","SAVANNAH INTERNATIONAL AIRPORT, GA US","32.13133","-81.20237","14.0","1975-02","57.7","68.4","47.0"
"USW00003822","SAVANNAH INTERNATIONAL AIRPORT, GA US","32.13133","-81.20237","14.0","1975-03","59.5","70.6","48.3"
"USW00003822","SAVANNAH INTERNATIONAL AIRPORT, GA US","32.13133","-81.20237","14.0","1975-04","65.4","76.9","53.9"
"USW00003822","SAVANNAH INTERNATIONAL AIRPORT, GA US","32.13133","-81.20237","14.0","1975-05","76.7","86.6","66.8"
"USW00003822","SAVANNAH INTERNATIONAL AIRPORT, GA US","32.13133","-81.20237","14.0","1975-06","79.4","88.7","70.2"
"USW00003822","SAVANNAH INTERNATIONAL AIRPORT, GA US","32.13133","-81.20237","14.0","1975-07","78.4","86.8","70.1"
"USW00003822","SAVANNAH INTERNATIONAL AIRPORT, GA US","32.13133","-81.20237","14.0","1975-08","81.7","90.5","72.9"
"USW00003822","SAVANNAH INTERNATIONAL AIRPORT, GA US","32.13133","-81.20237","14.0","1975-09","76.4","84.6","68.3"
"USW00003822","SAVANNAH INTERNATIONAL AIRPORT, GA US","32.13133","-81.20237","14.0","1975-10","70.0","80.5","59.4"
"USW00003822","SAVANNAH INTERNATIONAL AIRPORT, GA US","32.13133","-81.20237","14.0","1975-11","59.3","70.8","47.7"
"USW00003822","SAVANNAH INTERNATIONAL AIRPORT, GA US","32.13133","-81.20237","14.0","1975-12","50.5","62.6","38.4"
"USW00003822","SAVANNAH INTERNATIONAL AIRPORT, GA US","32.13133","-81.20237","14.0","1976-01","45.9","58.5","33.3"
"USW00003822","SAVANNAH INTERNATIONAL AIRPORT, GA US","32.13133","-81.20237","14.0","1976-02","56.3","69.4","43.3"
"USW00003822","SAVANNAH INTERNATIONAL AIRPORT, GA US","32.13133","-81.20237","14.0","1976-03","62.6","73.6","51.6"
"USW00003822","SAVANNAH INTERNATIONAL AIRPORT, GA US","32.13133","-81.20237","14.0","1976-04","64.2","77.0","51.5"
"USW00003822","SAVANNAH INTERNATIONAL AIRPORT, GA US","32.13133","-81.20237","14.0","1976-05","69.7","79.4","60.0"
"USW00003822","SAVANNAH INTERNATIONAL AIRPORT, GA US","32.13133","-81.20237","14.0","1976-06","75.8","84.8","66.7"
"USW00003822","SAVANNAH INTERNATIONAL AIRPORT, GA US","32.13133","-81.20237","14.0","1976-07","81.7","91.5","71.9"
"USW00003822","SAVANNAH INTERNATIONAL AIRPORT, GA US","32.13133","-81.20237","14.0","1976-08","78.2","86.4","70.0"
"USW00003822","SAVANNAH INTERNATIONAL AIRPORT, GA US","32.13133","-81.20237","14.0","1976-09","74.9","82.8","66.9"
"USW00003822","SAVANNAH INTERNATIONAL AIRPORT, GA US","32.13133","-81.20237","14.0","1976-10","62.5","73.0","51.9"
"USW00003822","SAVANNAH INTERNATIONAL AIRPORT, GA US","32.13133","-81.20237","14.0","1976-11","51.5","62.3","40.7"
"USW00003822","SAVANNAH INTERNATIONAL AIRPORT, GA US","32.13133","-81.20237","14.0","1976-12","49.0","59.0","39.0"
"USW00003822","SAVANNAH INTERNATIONAL AIRPORT, GA US","32.13133","-81.20237","14.0","1977-01","39.9","49.6","30.1"
"USW00003822","SAVANNAH INTERNATIONAL AIRPORT, GA US","32.13133","-81.20237","14.0","1977-02","49.2","62.0","36.3"
"USW00003822","SAVANNAH INTERNATIONAL AIRPORT, GA US","32.13133","-81.20237","14.0","1977-03","62.1","72.6","51.6"
"USW00003822","SAVANNAH INTERNATIONAL AIRPORT, GA US","32.13133","-81.20237","14.0","1977-04","67.6","80.1","55.1"
"USW00003822","SAVANNAH INTERNATIONAL AIRPORT, GA US","32.13133","-81.20237","14.0","1977-05","74.0","85.2","62.7"
"USW00003822","SAVANNAH INTERNATIONAL AIRPORT, GA US","32.13133","-81.20237","14.0","1977-06","82.0","94.3","69.7"
"USW00003822","SAVANNAH INTERNATIONAL AIRPORT, GA US","32.13133","-81.20237","14.0","1977-07","83.3","93.7","72.9"
"USW00003822","SAVANNAH INTERNATIONAL AIRPORT, GA US","32.13133","-81.20237","14.0","1977-08","81.1","89.2","73.0"
"USW00003822","SAVANNAH INTERNATIONAL AIRPORT, GA US","32.13133","-81.20237","14.0","1977-09","78.9","87.2","70.6"
"USW00003822","SAVANNAH INTERNATIONAL AIRPORT, GA US","32.13133","-81.20237","14.0","1977-10","64.1","75.4","52.8"
"USW00003822","SAVANNAH INTERNATIONAL AIRPORT, GA US","32.13133","-81.20237","14.0","1977-11","61.2","71.5","50.9"
"USW00003822","SAVANNAH INTERNATIONAL AIRPORT, GA US","32.13133","-81.20237","14.0","1977-12","50.0","60.3","39.6"
"USW00003822","SAVANNAH INTERNATIONAL AIRPORT, GA US","32.13133","-81.20237","14.0","1978-01","43.9","53.9","33.8"
"USW00003822","SAVANNAH INTERNATIONAL AIRPORT, GA US","32.13133","-81.20237","14.0","1978-02","43.5","53.1","34.0"
"USW00003822","SAVANNAH INTERNATIONAL AIRPORT, GA US","32.13133","-81.20237","14.0","1978-03","56.3","67.4","45.1"
"USW00003822","SAVANNAH INTERNATIONAL AIRPORT, GA US","32.13133","-81.20237","14.0","1978-04","68.0","80.3","55.6"
"USW00003822","SAVANNAH INTERNATIONAL AIRPORT, GA US","32.13133","-81.20237","14.0","1978-05","73.7","83.8","63.5"
"USW00003822","SAVANNAH INTERNATIONAL AIRPORT, GA US","32.13133","-81.20237","14.0","1978-06","79.9","89.4","70.4"
"USW00003822","SAVANNAH INTERNATIONAL AIRPORT, GA US","32.13133","-81.20237","14.0","1978-07","82.1","91.4","72.9"
"USW00003822","SAVANNAH INTERNATIONAL AIRPORT, GA US","32.13133","-81.20237","14.0","1978-08","82.3","91.6","72.9"
"USW00003822","SAVANNAH INTERNATIONAL AIRPORT, GA US","32.13133","-81.20237","14.0","1978-09","78.2","87.0","69.3"
"USW00003822","SAVANNAH INTERNATIONAL AIRPORT, GA US","32.13133","-81.20237","14.0","1978-10","67.0","77.8","56.2"
"USW00003822","SAVANNAH INTERNATIONAL AIRPORT, GA US","32.13133","-81.20237","14.0","1978-11","64.7","75.0","54.3"
"USW00003822","SAVANNAH INTERNATIONAL AIRPORT, GA US","32.13133","-81.20237","14.0","1978-12","53.4","65.0","41.8"
"USW00003822","SAVANNAH INTERNATIONAL AIRPORT, GA US","32.13133","-81.20237","14.0","1979-01","45.4","56.7","34.0"
"USW00003822","SAVANNAH INTERNATIONAL AIRPORT, GA US","32.13133","-81.20237","14.0","1979-02","49.0","59.3","38.6"
"USW00003822","SAVANNAH INTERNATIONAL AIRPORT, GA US","32.13133","-81.20237","14.0","1979-03","59.7","70.9","48.6"
"USW00003822","SAVANNAH INTERNATIONAL AIRPORT, GA US","32.13133","-81.20237","14.0","1979-04","67.6","78.8","56.5"
"USW00003822","SAVANNAH INTERNATIONAL AIRPORT, GA US","32.13133","-81.20237","14.0","1979-05","73.8","83.4","64.2"
"USW00003822","SAVANNAH INTERNATIONAL AIRPORT, GA US","32.13133","-81.20237","14.0","1979-06","76.8","86.1","67.4"
"USW00003822","SAVANNAH INTERNATIONAL AIRPORT, GA US","32.13133","-81.20237","14.0","1979-07","82.1","90.7","73.5"
"USW00003822","SAVANNAH INTERNATIONAL AIRPORT, GA US","32.13133","-81.20237","14.0","1979-08","81.4","91.3","71.4"
"USW00003822","SAVANNAH INTERNATIONAL AIRPORT, GA US","32.13133","-81.20237","14.0","1979-09","77.3","84.0","70.7"
"USW00003822","SAVANNAH INTERNATIONAL AIRPORT, GA US","32.13133","-81.20237","14.0","1979-10","67.5","78.8","56.2"
"USW00003822","SAVANNAH INTERNATIONAL AIRPORT, GA US","32.13133","-81.20237","14.0","1979-11","60.4","71.6","49.2"
"USW00003822","SAVANNAH INTERNATIONAL AIRPORT, GA US","32.13133","-81.20237","14.0","1979-12","50.7","60.8","40.7"
"USW00003822","SAVANNAH INTERNATIONAL AIRPORT, GA US","32.13133","-81.20237","14.0","1980-01","50.7","59.6","41.8"
"USW00003822","SAVANNAH INTERNATIONAL AIRPORT, GA US","32.13133","-81.20237","14.0","1980-02","48.5","58.7","38.2"
"USW00003822","SAVANNAH INTERNATIONAL AIRPORT, GA US","32.13133","-81.20237","14.0","1980-03","57.1","66.5","47.6"
"USW00003822","SAVANNAH INTERNATIONAL AIRPORT, GA US","32.13133","-81.20237","14.0","1980-04","66.2","77.2","55.2"
"USW00003822","SAVANNAH INTERNATIONAL AIRPORT, GA US","32.13133","-81.20237","14.0","1980-05","73.3","83.0","63.5"
"USW00003822","SAVANNAH INTERNATIONAL AIRPORT, GA US","32.13133","-81.20237","14.0","1980-06","79.7","89.3","70.1"
"USW00003822","SAVANNAH INTERNATIONAL AIRPORT, GA US","32.13133","-81.20237","14.0","1980-07","84.3","94.2","74.5"
"USW00003822","SAVANNAH INTERNATIONAL AIRPORT, GA US","32.13133","-81.20237","14.0","1980-08","83.4","93.7","73.1"
"USW00003822","SAVANNAH INTERNATIONAL AIRPORT, GA US","32.13133","-81.20237","14.0","1980-09","80.4","89.6","71.1"
"USW00003822","SAVANNAH INTERNATIONAL AIRPORT, GA US","32.13133","-81.20237","14.0","1980-10","65.3","75.2","55.5"
"USW00003822","SAVANNAH INTERNATIONAL AIRPORT, GA US","32.13133","-81.20237","14.0","1980-11","56.6","66.8","46.5"
"USW00003822","SAVANNAH INTERNATIONAL AIRPORT, GA US","32.13133","-81.20237","14.0","1980-12","48.1","58.7","37.3"
"USW00003822","SAVANNAH INTERNATIONAL AIRPORT, GA US","32.13133","-81.20237","14.0","1981-01","43.5","55.5","31.5"
"USW00003822","SAVANNAH INTERNATIONAL AIRPORT, GA US","32.13133","-81.20237","14.0","1981-02","52.6","64.4","40.7"
"USW00003822","SAVANNAH INTERNATIONAL AIRPORT, GA US","32.13133","-81.20237","14.0","1981-03","56.8","68.4","45.1"
"USW00003822","SAVANNAH INTERNATIONAL AIRPORT, GA US","32.13133","-81.20237","14.0","1981-04","69.0","81.0","57.0"
"USW00003822","SAVANNAH INTERNATIONAL AIRPORT, GA US","32.13133","-81.20237","14.0","1981-05","71.6","83.6","59.5"
"USW00003822","SAVANNAH INTERNATIONAL AIRPORT, GA US","32.13133","-81.20237","14.0","1981-06","84.5","95.4","73.5"
"USW00003822","SAVANNAH INTERNATIONAL AIRPORT, GA US","32.13133","-81.20237","14.0","1981-07","84.4","94.0","74.7"
"USW00003822","SAVANNAH INTERNATIONAL AIRPORT, GA US","32.13133","-81.20237","14.0","1981-08","79.1","87.0","71.3"
"USW00003822","SAVANNAH INTERNATIONAL AIRPORT, GA US","32.13133","-81.20237","14.0","1981-09","75.2","85.7","64.7"
"USW00003822","SAVANNAH INTERNATIONAL AIRPORT, GA US","32.13133","-81.20237","14.0","1981-10","65.4","76.0","54.8"
"USW00003822","SAVANNAH INTERNATIONAL AIRPORT, GA US","32.13133","-81.20237","14.0","1981-11","57.6","69.5","45.8"
"USW00003822","SAVANNAH INTERNATIONAL AIRPORT, GA US","32.13133","-81.20237","14.0","1981-12","48.3","58.1","38.5"
"USW00003822","SAVANNAH INTERNATIONAL AIRPORT, GA US","32.13133","-81.20237","14.0","1982-01","48.7","59.9","37.5"
"USW00003822","SAVANNAH INTERNATIONAL AIRPORT, GA US","32.13133","-81.20237","14.0","1982-02","55.8","65.8","45.9"
"USW00003822","SAVANNAH INTERNATIONAL AIRPORT, GA US","32.13133","-81.20237","14.0","1982-03","62.1","72.9","51.3"
"USW00003822","SAVANNAH INTERNATIONAL AIRPORT, GA US","32.13133","-81.20237","14.0","1982-04","64.8","74.9","54.8"
"USW00003822","SAVANNAH INTERNATIONAL AIRPORT, GA US","32.13133","-81.20237","14.0","1982-05","74.3","85.4","63.1"
"USW00003822","SAVANNAH INTERNATIONAL AIRPORT, GA US","32.13133","-81.20237","14.0","1982-06","80.2","88.9","71.4"
"USW00003822","SAVANNAH INTERNATIONAL AIRPORT, GA US","32.13133","-81.20237","14.0","1982-07","81.3","89.6","73.0"
"USW00003822","SAVANNAH INTERNATIONAL AIRPORT, GA US","32.13133","-81.20237","14.0","1982-08","81.0","89.6","72.4"
"USW00003822","SAVANNAH INTERNATIONAL AIRPORT, GA US","32.13133","-81.20237","14.0","1982-09","75.5","84.3","66.6"
"USW00003822","SAVANNAH INTERNATIONAL AIRPORT, GA US","32.13133","-81.20237","14.0","1982-10","67.5","77.4","57.7"
"USW00003822","SAVANNAH INTERNATIONAL AIRPORT, GA US","32.13133","-81.20237","14.0","1982-11","61.7","71.4","52.1"
"USW00003822","SAVANNAH INTERNATIONAL AIRPORT, GA US","32.13133","-81.20237","14.0","1982-12","57.4","66.7","48.1"
"USW00003822","SAVANNAH INTERNATIONAL AIRPORT, GA US","32.13133","-81.20237","14.0","1983-01","46.1","54.6","37.7"
"USW00003822","SAVANNAH INTERNATIONAL AIRPORT, GA US","32.13133","-81.20237","14.0","1983-02","50.7","60.6","40.9"
"USW00003822","SAVANNAH INTERNATIONAL AIRPORT, GA US","32.13133","-81.20237","14.0","1983-03","57.9","67.8","48.1"
"USW00003822","SAVANNAH INTERNATIONAL AIRPORT, GA US","32.13133","-81.20237","14.0","1983-04","62.8","73.8","51.7"
"USW00003822","SAVANNAH INTERNATIONAL AIRPORT, GA US","32.13133","-81.20237","14.0","1983-05","73.0","82.9","63.0"
"USW00003822","SAVANNAH INTERNATIONAL AIRPORT, GA US","32.13133","-81.20237","14.0","1983-06","78.2","87.6","68.7"
"USW00003822","SAVANNAH INTERNATIONAL AIRPORT, GA US","32.13133","-81.20237","14.0","1983-07","84.1","93.8","74.4"
"USW00003822","SAVANNAH INTERNATIONAL AIRPORT, GA US","32.13133","-81.20237","14.0","1983-08","82.8","92.2","73.3"
"USW00003822","SAVANNAH INTERNATIONAL AIRPORT, GA US","32.13133","-81.20237","14.0","1983-09","75.7","85.0","66.4"
"USW00003822","SAVANNAH INTERNATIONAL AIRPORT, GA US","32.13133","-81.20237","14.0","1983-10","69.6","79.0","60.3"
"USW00003822","SAVANNAH INTERNATIONAL AIRPORT, GA US","32.13133","-81.20237","14.0","1983-11","57.7","69.0","46.4"
"USW00003822","SAVANNAH INTERNATIONAL AIRPORT, GA US","32.13133","-81.20237","14.0","1983-12","48.5","58.6","38.3"
"USW00003822","SAVANNAH INTERNATIONAL AIRPORT, GA US","32.13133","-81.20237","14.0","1984-01","47.7","56.8","38.5"
"USW00003822","SAVANNAH INTERNATIONAL AIRPORT, GA US","32.13133","-81.20237","14.0","1984-02","53.7","64.7","42.7"
"USW00003822","SAVANNAH INTERNATIONAL AIRPORT, GA US","32.13133","-81.20237","14.0","1984-03","59.3","70.9","47.7"
"USW00003822","SAVANNAH INTERNATIONAL AIRPORT, GA US","32.13133","-81.20237","14.0","1984-04","65.6","76.3","54.9"
"USW00003822","SAVANNAH INTERNATIONAL AIRPORT, GA US","32.13133","-81.20237","14.0","1984-05","72.9","83.3","62.5"
"USW00003822","SAVANNAH INTERNATIONAL AIRPORT, GA US","32.13133","-81.20237","14.0","1984-06","79.2","89.6","68.7"
"USW00003822","SAVANNAH INTERNATIONAL AIRPORT, GA US","32.13133","-81.20237","14.0","1984-07","80.5","89.6","71.5"
"USW00003822","SAVANNAH INTERNATIONAL AIRPORT, GA US","32.13133","-81.20237","14.0","1984-08","81.5","90.7","72.2"
"USW00003822","SAVANNAH INTERNATIONAL AIRPORT, GA US","32.13133","-81.20237","14.0","1984-09","75.0","84.3","65.7"
"USW00003822","SAVANNAH INTERNATIONAL AIRPORT, GA US","32.13133","-81.20237","14.0","1984-10","73.1","82.7","63.6"
"USW00003822","SAVANNAH INTERNATIONAL AIRPORT, GA US","32.13133","-81.20237","14.0","1984-11","55.7","67.5","43.8"
"USW00003822","SAVANNAH INTERNATIONAL AIRPORT, GA US","32.13133","-81.20237","14.0","1984-12","59.4","71.3","47.6"
"USW00003822","SAVANNAH INTERNATIONAL AIRPORT, GA US","32.13133","-81.20237","14.0","1985-01","45.3","56.8","33.8"
"USW00003822","SAVANNAH INTERNATIONAL AIRPORT, GA US","32.13133","-81.20237","14.0","1985-02","52.9","64.0","41.8"
"USW00003822","SAVANNAH INTERNATIONAL AIRPORT, GA US","32.13133","-81.20237","14.0","1985-03","61.5","73.3","49.7"
"USW00003822","SAVANNAH INTERNATIONAL AIRPORT, GA US","32.13133","-81.20237","14.0","1985-04","66.9","79.3","54.4"
"USW00003822","SAVANNAH INTERNATIONAL AIRPORT, GA US","32.13133","-81.20237","14.0","1985-05","74.6","86.1","63.1"
"USW00003822","SAVANNAH INTERNATIONAL AIRPORT, GA US","32.13133","-81.20237","14.0","1985-06","81.3","91.8","70.8"
"USW00003822","SAVANNAH INTERNATIONAL AIRPORT, GA US","32.13133","-81.20237","14.0","1985-07","82.7","92.3","73.1"
"USW00003822","SAVANNAH INTERNATIONAL AIRPORT, GA US","32.13133","-81.20237","14.0","1985-08","80.7","89.1","72.3"
"USW00003822","SAVANNAH INTERNATIONAL AIRPORT, GA US","32.13133","-81.20237","14.0","1985-09","76.5","86.4","66.7"
"USW00003822","SAVANNAH INTERNATIONAL AIRPORT, GA US","32.13133","-81.20237","14.0","1985-10","72.2","80.1","64.3"
"USW00003822","SAVANNAH INTERNATIONAL AIRPORT, GA US","32.13133","-81.20237","14.0","1985-11","67.5","76.6","58.4"
"USW00003822","SAVANNAH INTERNATIONAL AIRPORT, GA US","32.13133","-81.20237","14.0","1985-12","48.9","60.6","37.2"
"USW00003822","SAVANNAH INTERNATIONAL AIRPORT, GA US","32.13133","-81.20237","14.0","1986-01","47.6","58.7","36.4"
"USW00003822","SAVANNAH INTERNATIONAL AIRPORT, GA US","32.13133","-81.20237","14.0","1986-02","56.8","67.3","46.4"
"USW00003822","SAVANNAH INTERNATIONAL AIRPORT, GA US","32.13133","-81.20237","14.0","1986-03","59.1","71.3","46.8"
"USW00003822","SAVANNAH INTERNATIONAL AIRPORT, GA US","32.13133","-81.20237","14.0","1986-04","66.7","81.4","52.1"
"USW00003822","SAVANNAH INTERNATIONAL AIRPORT, GA US","32.13133","-81.20237","14.0","1986-05","75.0","87.6","62.3"
"USW00003822","SAVANNAH INTERNATIONAL AIRPORT, GA US","32.13133","-81.20237","14.0","1986-06","82.5","93.0","71.9"
"USW00003822","SAVANNAH INTERNATIONAL AIRPORT, GA US","32.13133","-81.20237","14.0","1986-07","85.7","97.1","74.4"
"USW00003822","SAVANNAH INTERNATIONAL AIRPORT, GA US","32.13133","-81.20237","14.0","1986-08","81.6","91.0","72.2"
"USW00003822","SAVANNAH INTERNATIONAL AIRPORT, GA US","32.13133","-81.20237","14.0","1986-09","79.7","89.7","69.7"
"USW00003822","SAVANNAH INTERNATIONAL AIRPORT, GA US","32.13133","-81.20237","14.0","1986-10","70.0","80.5","59.4"
"USW00003822","SAVANNAH INTERNATIONAL AIRPORT, GA US","32.13133","-81.20237","14.0","1986-11","65.0","73.1","56.8"
"USW00003822","SAVANNAH INTERNATIONAL AIRPORT, GA US","32.13133","-81.20237","14.0","1986-12","53.9","62.5","45.3"
"USW00003822","SAVANNAH INTERNATIONAL AIRPORT, GA US","32.13133","-81.20237","14.0","1987-01","49.0","58.7","39.3"
"USW00003822","SAVANNAH INTERNATIONAL AIRPORT, GA US","32.13133","-81.20237","14.0","1987-02","50.4","60.0","40.8"
"USW00003822","SAVANNAH INTERNATIONAL AIRPORT, GA US","32.13133","-81.20237","14.0","1987-03","58.2","67.7","48.7"
"USW00003822","SAVANNAH INTERNATIONAL AIRPORT, GA US","32.13133","-81.20237","14.0","1987-04","63.9","76.5","51.2"
"USW00003822","SAVANNAH INTERNATIONAL AIRPORT, GA US","32.13133","-81.20237","14.0","1987-05","74.0","84.2","63.9"
"USW00003822","SAVANNAH INTERNATIONAL AIRPORT, GA US","32.13133","-81.20237","14.0","1987-06","80.6","90.6","70.6"
"USW00003822","SAVANNAH INTERNATIONAL AIRPORT, GA US","32.13133","-81.20237","14.0","1987-07","83.6","94.1","73.0"
"USW00003822","SAVANNAH INTERNATIONAL AIRPORT, GA US","32.13133","-81.20237","14.0","1987-08","84.5","93.8","75.1"
"USW00003822","SAVANNAH INTERNATIONAL AIRPORT, GA US","32.13133","-81.20237","14.0","1987-09","77.8","86.1","69.5"
"USW00003822","SAVANNAH INTERNATIONAL AIRPORT, GA US","32.13133","-81.20237","14.0","1987-10","61.5","73.6","49.4"
"USW00003822","SAVANNAH INTERNATIONAL AIRPORT, GA US","32.13133","-81.20237","14.0","1987-11","60.3","71.3","49.4"
"USW00003822","SAVANNAH INTERNATIONAL AIRPORT, GA US","32.13133","-81.20237","14.0","1987-12","54.7","65.7","43.7"
"USW00003822","SAVANNAH INTERNATIONAL AIRPORT, GA US","32.13133","-81.20237","14.0","1988-01","45.0","54.3","35.7"
"USW00003822","SAVANNAH INTERNATIONAL AIRPORT, GA US","32.13133","-81.20237","14.0","1988-02","50.1","61.8","38.5"
"USW00003822","SAVANNAH INTERNATIONAL AIRPORT, GA US","32.13133","-81.20237","14.0","1988-03","58.2","69.9","46.4"
"USW00003822","SAVANNAH INTERNATIONAL AIRPORT, GA US","32.13133","-81.20237","14.0","1988-04","66.1","77.3","54.9"
"USW00003822","SAVANNAH INTERNATIONAL AIRPORT, GA US","32.13133","-81.20237","14.0","1988-05","72.3","84.2","60.5"
"USW00003822","SAVANNAH INTERNATIONAL AIRPORT, GA US","32.13133","-81.20237","14.0","1988-06","77.7","89.5","65.9"
"USW00003822","SAVANNAH INTERNATIONAL AIRPORT, GA US","32.13133","-81.20237","14.0","1988-07","82.7","92.6","72.8"
"USW00003822","SAVANNAH INTERNATIONAL AIRPORT, GA US","32.13133","-81.20237","14.0","1988-08","82.5","91.3","73.7"
"USW00003822","SAVANNAH INTERNATIONAL AIRPORT, GA US","32.13133","-81.20237","14.0","1988-09","77.4","85.1","69.7"
"USW00003822","SAVANNAH INTERNATIONAL AIRPORT, GA US","32.13133","-81.20237","14.0","1988-10","64.1","75.2","53.1"
"USW00003822","SAVANNAH INTERNATIONAL AIRPORT, GA US","32.13133","-81.20237","14.0","1988-11","61.2","72.1","50.3"
"USW00003822","SAVANNAH INTERNATIONAL AIRPORT, GA US","32.13133","-81.20237","14.0","1988-12","51.1","63.5","38.7"
"USW00003822","SAVANNAH INTERNATIONAL AIRPORT, GA US","32.13133","-81.20237","14.0","1989-01","56.5","67.9","45.2"
"USW00003822","SAVANNAH INTERNATIONAL AIRPORT, GA US","32.13133","-81.20237","14.0","1989-02","56.1","67.3","44.9"
"USW00003822","SAVANNAH INTERNATIONAL AIRPORT, GA US","32.13133","-81.20237","14.0","1989-03","60.6","71.4","49.7"
"USW00003822","SAVANNAH INTERNATIONAL AIRPORT, GA US","32.13133","-81.20237","14.0","1989-04","65.6","77.6","53.6"
"USW00003822","SAVANNAH INTERNATIONAL AIRPORT, GA US","32.13133","-81.20237","14.0","1989-05","72.3","83.8","60.8"
"USW00003822","SAVANNAH INTERNATIONAL AIRPORT, GA US","32.13133","-81.20237","14.0","1989-06","81.0","90.8","71.1"
"USW00003822","SAVANNAH INTERNATIONAL AIRPORT, GA US","32.13133","-81.20237","14.0","1989-07","82.9","92.5","73.2"
"USW00003822","SAVANNAH INTERNATIONAL AIRPORT, GA US","32.13133","-81.20237","14.0","1989-08","80.7","89.0","72.4"
"USW00003822","SAVANNAH INTERNATIONAL AIRPORT, GA US","32.13133","-81.20237","14.0","1989-09","76.8","84.3","69.2"
"USW00003822","SAVANNAH INTERNATIONAL AIRPORT, GA US","32.13133","-81.20237","14.0","1989-10","68.6","77.9","59.2"
"USW00003822","SAVANNAH INTERNATIONAL AIRPORT, GA US","32.13133","-81.20237","14.0","1989-11","59.5","71.9","47.1"
"USW00003822","SAVANNAH INTERNATIONAL AIRPORT, GA US","32.13133","-81.20237","14.0","1989-12","43.7","54.4","33.0"
"USW00003822","SAVANNAH INTERNATIONAL AIRPORT, GA US","32.13133","-81.20237","14.0","1990-01","55.6","67.6","43.7"
"USW00003822","SAVANNAH INTERNATIONAL AIRPORT, GA US","32.13133","-81.20237","14.0","1990-02","60.0","70.5","49.4"
"USW00003822","SAVANNAH INTERNATIONAL AIRPORT, GA US","32.13133","-81.20237","14.0","1990-03","62.6","74.0","51.2"
"USW00003822","SAVANNAH INTERNATIONAL AIRPORT, GA US","32.13133","-81.20237","14.0","1990-04","65.0","77.0","53.0"
"USW00003822","SAVANNAH INTERNATIONAL AIRPORT, GA US","32.13133","-81.20237","14.0","1990-05","74.3","85.6","63.0"
"USW00003822","SAVANNAH INTERNATIONAL AIRPORT, GA US","32.13133","-81.20237","14.0","1990-06","81.5","92.6","70.3"
"USW00003822","SAVANNAH INTERNATIONAL AIRPORT, GA US","32.13133","-81.20237","14.0","1990-07","84.3","94.2","74.5"
"USW00003822","SAVANNAH INTERNATIONAL AIRPORT, GA US","32.13133","-81.20237","14.0","1990-08","82.4","92.2","72.6"
"USW00003822","SAVANNAH INTERNATIONAL AIRPORT, GA US","32.13133","-81.20237","14.0","1990-09","78.8","89.8","67.9"
"USW00003822","SAVANNAH INTERNATIONAL AIRPORT, GA US","32.13133","-81.20237","14.0","1990-10","70.6","81.1","60.2"
"USW00003822","SAVANNAH INTERNATIONAL AIRPORT, GA US","32.13133","-81.20237","14.0","1990-11","60.8","73.2","48.4"
"USW00003822","SAVANNAH INTERNATIONAL AIRPORT, GA US","32.13133","-81.20237","14.0","1990-12","56.5","66.6","46.4"
"USW00003822","SAVANNAH INTERNATIONAL AIRPORT, GA US","32.13133","-81.20237","14.0","1991-01","52.2","60.4","43.9"
"USW00003822","SAVANNAH INTERNATIONAL AIRPORT, GA US","32.13133","-81.20237","14.0","1991-02","56.1","67.6","44.7"
"USW00003822","SAVANNAH INTERNATIONAL AIRPORT, GA US","32.13133","-81.20237","14.0","1991-03","62.3","73.1","51.6"
"USW00003822","SAVANNAH INTERNATIONAL AIRPORT, GA US","32.13133","-81.20237","14.0","1991-04","70.0","79.3","60.6"
"USW00003822","SAVANNAH INTERNATIONAL AIRPORT, GA US","32.13133","-81.20237","14.0","1991-05","77.5","85.9","69.1"
"USW00003822","SAVANNAH INTERNATIONAL AIRPORT, GA US","32.13133","-81.20237","14.0","1991-06","79.4","88.4","70.4"
"USW00003822","SAVANNAH INTERNATIONAL AIRPORT, GA US","32.13133","-81.20237","14.0","1991-07","83.1","92.4","73.9"
"USW00003822","SAVANNAH INTERNATIONAL AIRPORT, GA US","32.13133","-81.20237","14.0","1991-08","82.1","90.6","73.7"
"USW00003822","SAVANNAH INTERNATIONAL AIRPORT, GA US","32.13133","-81.20237","14.0","1991-09","77.9","87.2","68.7"
"USW00003822","SAVANNAH INTERNATIONAL AIRPORT, GA US","32.13133","-81.20237","14.0","1991-10","68.4","79.1","57.7"
"USW00003822","SAVANNAH INTERNATIONAL AIRPORT, GA US","32.13133","-81.20237","14.0","1991-11","56.6","67.5","45.7"
"USW00003822","SAVANNAH INTERNATIONAL AIRPORT, GA US","32.13133","-81.20237","14.0","1991-12","55.6","65.4","45.9"
"USW00003822","SAVANNAH INTERNATIONAL AIRPORT, GA US","32.13133","-81.20237","14.0","1992-01","49.9","60.0","39.8"
"USW00003822","SAVANNAH INTERNATIONAL AIRPORT, GA US","32.13133","-81.20237","14.0","1992-02","55.6","65.8","45.5"
"USW00003822","SAVANNAH INTERNATIONAL AIRPORT, GA US","32.13133","-81.20237","14.0","1992-03","59.1","71.1","47.2"
"USW00003822","SAVANNAH INTERNATIONAL AIRPORT, GA US","32.13133","-81.20237","14.0","1992-04","64.5","75.6","53.4"
"USW00003822","SAVANNAH INTERNATIONAL AIRPORT, GA US","32.13133","-81.20237","14.0","1992-05","71.6","82.6","60.7"
"USW00003822","SAVANNAH INTERNATIONAL AIRPORT, GA US","32.13133","-81.20237","14.0","1992-06","78.5","86.8","70.3"
"USW00003822","SAVANNAH INTERNATIONAL AIRPORT, GA US","32.13133","-81.20237","14.0","1992-07","84.2","94.1","74.4"
"USW00003822","SAVANNAH INTERNATIONAL AIRPORT, GA US","32.13133","-81.20237","14.0","1992-08","81.0","89.1","72.8"
"USW00003822","SAVANNAH INTERNATIONAL AIRPORT, GA US","32.13133","-81.20237","14.0","1992-09","77.1","85.1","69.1"
"USW00003822","SAVANNAH INTERNATIONAL AIRPORT, GA US","32.13133","-81.20237","14.0","1992-10","66.6","77.1","56.0"
"USW00003822","SAVANNAH INTERNATIONAL AIRPORT, GA US","32.13133","-81.20237","14.0","1992-11","60.5","69.4","51.7"
"USW00003822","SAVANNAH INTERNATIONAL AIRPORT, GA US","32.13133","-81.20237","14.0","1992-12","52.0","60.6","43.4"
"USW00003822","SAVANNAH INTERNATIONAL AIRPORT, GA US","32.13133","-81.20237","14.0","1993-01","54.8","63.4","46.1"
"USW00003822","SAVANNAH INTERNATIONAL AIRPORT, GA US","32.13133","-81.20237","14.0","1993-02","50.3","59.5","41.1"
"USW00003822","SAVANNAH INTERNATIONAL AIRPORT, GA US","32.13133","-81.20237","14.0","1993-03","57.0","66.8","47.1"
"USW00003822","SAVANNAH INTERNATIONAL AIRPORT, GA US","32.13133","-81.20237","14.0","1993-04","62.4","74.3","50.5"
"USW00003822","SAVANNAH INTERNATIONAL AIRPORT, GA US","32.13133","-81.20237","14.0","1993-05","73.5","84.2","62.9"
"USW00003822","SAVANNAH INTERNATIONAL AIRPORT, GA US","32.13133","-81.20237","14.0","1993-06","81.2","91.4","71.1"
"USW00003822","SAVANNAH INTERNATIONAL AIRPORT, GA US","32.13133","-81.20237","14.0","1993-07","86.7","98.0","75.3"
"USW00003822","SAVANNAH INTERNATIONAL AIRPORT, GA US","32.13133","-81.20237","14.0","1993-08","83.1","92.6","73.6"
"USW00003822","SAVANNAH INTERNATIONAL AIRPORT, GA US","32.13133","-81.20237","14.0","1993-09","79.6","89.1","70.1"
"USW00003822","SAVANNAH INTERNATIONAL AIRPORT, GA US","32.13133","-81.20237","14.0","1993-10","68.1","77.2","58.9"
"USW00003822","SAVANNAH INTERNATIONAL AIRPORT, GA US","32.13133","-81.20237","14.0","1993-11","59.9","70.0","49.7"
"USW00003822","SAVANNAH INTERNATIONAL AIRPORT, GA US","32.13133","-81.20237","14.0","1993-12","49.6","60.2","39.1"
"USW00003822","SAVANNAH INTERNATIONAL AIRPORT, GA US","32.13133","-81.20237","14.0","1994-01","47.7","57.9","37.5"
"USW00003822","SAVANNAH INTERNATIONAL AIRPORT, GA US","32.13133","-81.20237","14.0","1994-02","56.0","66.9","45.0"
"USW00003822","SAVANNAH INTERNATIONAL AIRPORT, GA US","32.13133","-81.20237","14.0","1994-03","62.8","75.0","50.7"
"USW00003822","SAVANNAH INTERNATIONAL AIRPORT, GA US","32.13133","-81.20237","14.0","1994-04","69.5","81.4","57.7"
"USW00003822","SAVANNAH INTERNATIONAL AIRPORT, GA US","32.13133","-81.20237","14.0","1994-05","72.3","82.7","62.0"
"USW00003822","SAVANNAH INTERNATIONAL AIRPORT, GA US","32.13133","-81.20237","14.0","1994-06","80.7","89.6","71.7"
"USW00003822","SAVANNAH INTERNATIONAL AIRPORT, GA US","32.13133","-81.20237","14.0","1994-07","82.2","90.9","73.5"
"USW00003822","SAVANNAH INTERNATIONAL AIRPORT, GA US","32.13133","-81.20237","14.0","1994-08","81.2","90.3","72.0"
"USW00003822","SAVANNAH INTERNATIONAL AIRPORT, GA US","32.13133","-81.20237","14.0","1994-09","76.6","85.5","67.7"
"USW00003822","SAVANNAH INTERNATIONAL AIRPORT, GA US","32.13133","-81.20237","14.0","1994-10","67.8","76.2","59.4"
"USW00003822","SAVANNAH INTERNATIONAL AIRPORT, GA US","32.13133","-81.20237","14.0","1994-11","63.6","73.2","54.1"
"USW00003822","SAVANNAH INTERNATIONAL AIRPORT, GA US","32.13133","-81.20237","14.0","1994-12","54.9","62.8","47.0"
"USW00003822","SAVANNAH INTERNATIONAL AIRPORT, GA US","32.13133","-81.20237","14.0","1995-01","50.7","60.9","40.5"
"USW00003822","SAVANNAH INTERNATIONAL AIRPORT, GA US","32.13133","-81.20237","14.0","1995-02","52.3","62.4","42.3"
"USW00003822","SAVANNAH INTERNATIONAL AIRPORT, GA US","32.13133","-81.20237","14.0","1995-03","62.5","73.0","52.0"
"USW00003822","SAVANNAH INTERNATIONAL AIRPORT, GA US","32.13133","-81.20237","14.0","1995-04","69.1","81.1","57.1"
"USW00003822","SAVANNAH INTERNATIONAL AIRPORT, GA US","32.13133","-81.20237","14.0","1995-05","76.5","87.4","65.6"
"USW00003822","SAVANNAH INTERNATIONAL AIRPORT, GA US","32.13133","-81.20237","14.0","1995-06","79.2","88.3","70.1"
"USW00003822","SAVANNAH INTERNATIONAL AIRPORT, GA US","32.13133","-81.20237","14.0","1995-07","83.8","93.4","74.2"
"USW00003822","SAVANNAH INTERNATIONAL AIRPORT, GA US","32.13133","-81.20237","14.0","1995-08","82.4","90.2","74.6"
"USW00003822","SAVANNAH INTERNATIONAL AIRPORT, GA US","32.13133","-81.20237","14.0","1995-09","76.1","83.4","68.8"
"USW00003822","SAVANNAH INTERNATIONAL AIRPORT, GA US","32.13133","-81.20237","14.0","1995-10","71.5","80.4","62.5"
"USW00003822","SAVANNAH INTERNATIONAL AIRPORT, GA US","32.13133","-81.20237","14.0","1995-11","55.5","67.2","43.9"
"USW00003822","SAVANNAH INTERNATIONAL AIRPORT, GA US","32.13133","-81.20237","14.0","1995-12","50.1","60.4","39.8"
"USW00003822","SAVANNAH INTERNATIONAL AIRPORT, GA US","32.13133","-81.20237","14.0","1996-01","50.1","62.2","38.0"
"USW00003822","SAVANNAH INTERNATIONAL AIRPORT, GA US","32.13133","-81.20237","14.0","1996-02","54.5","65.9","43.2"
"USW00003822","SAVANNAH INTERNATIONAL AIRPORT, GA US","32.13133","-81.20237","14.0","1996-03","56.0","66.8","45.2"
"USW00003822","SAVANNAH INTERNATIONAL AIRPORT, GA US","32.13133","-81.20237","14.0","1996-04","64.0","76.7","51.2"
"USW00003822","SAVANNAH INTERNATIONAL AIRPORT, GA US","32.13133","-81.20237","14.0","1996-05","75.1","87.1","63.2"
"USW00003822","SAVANNAH INTERNATIONAL AIRPORT, GA US","32.13133","-81.20237","14.0","1996-06","78.7","89.4","68.1"
"USW00003822","SAVANNAH INTERNATIONAL AIRPORT, GA US","32.13133","-81.20237","14.0","1996-07","82.4","91.8","73.0"
"USW00003822","SAVANNAH INTERNATIONAL AIRPORT, GA US","32.13133","-81.20237","14.0","1996-08","79.3","87.8","70.8"
"USW00003822","SAVANNAH INTERNATIONAL AIRPORT, GA US","32.13133","-81.20237","14.0","1996-09","76.0","85.8","66.2"
"USW00003822","SAVANNAH INTERNATIONAL AIRPORT, GA US","32.13133","-81.20237","14.0","1996-10","66.5","77.3","55.7"
"USW00003822","SAVANNAH INTERNATIONAL AIRPORT, GA US","32.13133","-81.20237","14.0","1996-11","55.8","68.0","43.7"
"USW00003822","SAVANNAH INTERNATIONAL AIRPORT, GA US","32.13133","-81.20237","14.0","1996-12","52.9","64.8","40.9"
"USW00003822","SAVANNAH INTERNATIONAL AIRPORT, GA US","32.13133","-81.20237","14.0","1997-01","50.9","61.3","40.5"
"USW00003822","SAVANNAH INTERNATIONAL AIRPORT, GA US","32.13133","-81.20237","14.0","1997-02","55.1","65.9","44.3"
"USW00003822","SAVANNAH INTERNATIONAL AIRPORT, GA US","32.13133","-81.20237","14.0","1997-03","64.6","76.2","53.1"
"USW00003822","SAVANNAH INTERNATIONAL AIRPORT, GA US","32.13133","-81.20237","14.0","1997-04","63.1","75.2","51.0"
"USW00003822","SAVANNAH INTERNATIONAL AIRPORT, GA US","32.13133","-81.20237","14.0","1997-05","68.9","80.1","57.8"
"USW00003822","SAVANNAH INTERNATIONAL AIRPORT, GA US","32.13133","-81.20237","14.0","1997-06","75.4","83.9","66.9"
"USW00003822","SAVANNAH INTERNATIONAL AIRPORT, GA US","32.13133","-81.20237","14.0","1997-07","81.2","90.8","71.6"
"USW00003822","SAVANNAH INTERNATIONAL AIRPORT, GA US","32.13133","-81.20237","14.0","1997-08","79.3","89.0","69.6"
"USW00003822","SAVANNAH INTERNATIONAL AIRPORT, GA US","32.13133","-81.20237","14.0","1997-09","76.9","86.7","67.1"
"USW00003822","SAVANNAH INTERNATIONAL AIRPORT, GA US","32.13133","-81.20237","14.0","1997-10","66.6","76.6","56.6"
"USW00003822","SAVANNAH INTERNATIONAL AIRPORT, GA US","32.13133","-81.20237","14.0","1997-11","55.1","65.7","44.5"
"USW00003822","SAVANNAH INTERNATIONAL AIRPORT, GA US","32.13133","-81.20237","14.0","1997-12","50.5","60.1","40.9"
"USW00003822","SAVANNAH INTERNATIONAL AIRPORT, GA US","32.13133","-81.20237","14.0","1998-01","52.9","62.8","43.1"
"USW00003822","SAVANNAH INTERNATIONAL AIRPORT, GA US","32.13133","-81.20237","14.0","1998-02","54.1","64.2","44.0"
"USW00003822","SAVANNAH INTERNATIONAL AIRPORT, GA US","32.13133","-81.20237","14.0","1998-03","56.3","66.6","46.1"
"USW00003822","SAVANNAH INTERNATIONAL AIRPORT, GA US","32.13133","-81.20237","14.0","1998-04","65.2","75.8","54.7"
"USW00003822","SAVANNAH INTERNATIONAL AIRPORT, GA US","32.13133","-81.20237","14.0","1998-05","75.6","87.1","64.1"
"USW00003822","SAVANNAH INTERNATIONAL AIRPORT, GA US","32.13133","-81.20237","14.0","1998-06","83.0","95.1","70.8"
"USW00003822","SAVANNAH INTERNATIONAL AIRPORT, GA US","32.13133","-81.20237","14.0","1998-07","83.3","92.8","73.9"
"USW00003822","SAVANNAH INTERNATIONAL AIRPORT, GA US","32.13133","-81.20237","14.0","1998-08","81.2","90.4","71.9"
"USW00003822","SAVANNAH INTERNATIONAL AIRPORT, GA US","32.13133","-81.20237","14.0","1998-09","77.4","85.9","69.0"
"USW00003822","SAVANNAH INTERNATIONAL AIRPORT, GA US","32.13133","-81.20237","14.0","1998-10","68.8","80.7","56.9"
"USW00003822","SAVANNAH INTERNATIONAL AIRPORT, GA US","32.13133","-81.20237","14.0","1998-11","62.6","73.9","51.3"
"USW00003822","SAVANNAH INTERNATIONAL AIRPORT, GA US","32.13133","-81.20237","14.0","1998-12","55.5","65.9","45.0"
"USW00003822","SAVANNAH INTERNATIONAL AIRPORT, GA US","32.13133","-81.20237","14.0","1999-01","52.4","66.0","38.7"
"USW00003822","SAVANNAH INTERNATIONAL AIRPORT, GA US","32.13133","-81.20237","14.0","1999-02","54.3","67.1","41.5"
"USW00003822","SAVANNAH INTERNATIONAL AIRPORT, GA US","32.13133","-81.20237","14.0","1999-03","55.7","69.3","42.2"
"USW00003822","SAVANNAH INTERNATIONAL AIRPORT, GA US","32.13133","-81.20237","14.0","1999-04","69.0","80.6","57.3"
"USW00003822","SAVANNAH INTERNATIONAL AIRPORT, GA US","32.13133","-81.20237","14.0","1999-05","70.7","83.0","58.4"
"USW00003822","SAVANNAH INTERNATIONAL AIRPORT, GA US","32.13133","-81.20237","14.0","1999-06","77.0","86.6","67.5"
"USW00003822","SAVANNAH INTERNATIONAL AIRPORT, GA US","32.13133","-81.20237","14.0","1999-07","82.7","91.6","73.8"
"USW00003822","SAVANNAH INTERNATIONAL AIRPORT, GA US","32.13133","-81.20237","14.0","1999-08","83.1","93.0","73.2"
"USW00003822","SAVANNAH INTERNATIONAL AIRPORT, GA US","32.13133","-81.20237","14.0","1999-09","75.7","85.5","65.9"
"USW00003822","SAVANNAH INTERNATIONAL AIRPORT, GA US","32.13133","-81.20237","14.0","1999-10","67.8","77.6","58.0"
"USW00003822","SAVANNAH INTERNATIONAL AIRPORT, GA US","32.13133","-81.20237","14.0","1999-11","59.7","72.9","46.4"
"USW00003822","SAVANNAH INTERNATIONAL AIRPORT, GA US","32.13133","-81.20237","14.0","1999-12","50.7","63.5","38.0"
"USW00003822","SAVANNAH INTERNATIONAL AIRPORT, GA US","32.13133","-81.20237","14.0","2000-01","48.1","59.9","36.3"
"USW00003822","SAVANNAH INTERNATIONAL AIRPORT, GA US","32.13133","-81.20237","14.0","2000-02","53.2","67.4","38.9"
"USW00003822","SAVANNAH INTERNATIONAL AIRPORT, GA US","32.13133","-81.20237","14.0","2000-03","61.7","74.2","49.1"
"USW00003822","SAVANNAH INTERNATIONAL AIRPORT, GA US","32.13133","-81.20237","14.0","2000-04","62.7","75.1","50.4"
"USW00003822","SAVANNAH INTERNATIONAL AIRPORT, GA US","32.13133","-81.20237","14.0","2000-05","75.3","87.0","63.5"
"USW00003822","SAVANNAH INTERNATIONAL AIRPORT, GA US","32.13133","-81.20237","14.0","2000-06","79.2","90.2","68.2"
"USW00003822","SAVANNAH INTERNATIONAL AIRPORT, GA US","32.13133","-81.20237","14.0","2000-07","82.0","93.4","70.7"
"USW00003822","SAVANNAH INTERNATIONAL AIRPORT, GA US","32.13133","-81.20237","14.0","2000-08","81.0","91.3","70.7"
"USW00003822","SAVANNAH INTERNATIONAL AIRPORT, GA US","32.13133","-81.20237","14.0","2000-09","75.5","83.4","67.5"
"USW00003822","SAVANNAH INTERNATIONAL AIRPORT, GA US","32.13133","-81.20237","14.0","2000-10","64.8","78.8","50.8"
"USW00003822","SAVANNAH INTERNATIONAL AIRPORT, GA US","32.13133","-81.20237","14.0","2000-11","55.6","67.9","43.3"
"USW00003822","SAVANNAH INTERNATIONAL AIRPORT, GA US","32.13133","-81.20237","14.0","2000-12","43.6","54.7","32.6"
"USW00003822","SAVANNAH INTERNATIONAL AIRPORT, GA US","32.13133","-81.20237","14.0","2001-01","46.7","59.4","34.1"
"USW00003822","SAVANNAH INTERNATIONAL AIRPORT, GA US","32.13133","-81.20237","14.0","2001-02","56.0","67.0","45.0"
"USW00003822","SAVANNAH INTERNATIONAL AIRPORT, GA US","32.13133","-81.20237","14.0","2001-03","57.4","68.3","46.4"
"USW00003822","SAVANNAH INTERNATIONAL AIRPORT, GA US","32.13133","-81.20237","14.0","2001-04","65.1","78.0","52.2"
"USW00003822","SAVANNAH INTERNATIONAL AIRPORT, GA US","32.13133","-81.20237","14.0","2001-05","72.9","85.8","60.1"
"USW00003822","SAVANNAH INTERNATIONAL AIRPORT, GA US","32.13133","-81.20237","14.0","2001-06","78.8","87.7","69.9"
"USW00003822","SAVANNAH INTERNATIONAL AIRPORT, GA US","32.13133","-81.20237","14.0","2001-07","80.8","89.5","72.1"
"USW00003822","SAVANNAH INTERNATIONAL AIRPORT, GA US","32.13133","-81.20237","14.0","2001-08","81.3","90.8","71.8"
"USW00003822","SAVANNAH INTERNATIONAL AIRPORT, GA US","32.13133","-81.20237","14.0","2001-09","74.2","82.5","65.8"
"USW00003822","SAVANNAH INTERNATIONAL AIRPORT, GA US","32.13133","-81.20237","14.0","2001-10","64.8","77.4","52.2"
"USW00003822","SAVANNAH INTERNATIONAL AIRPORT, GA US","32.13133","-81.20237","14.0","2001-11","63.0","75.3","50.6"
"USW00003822","SAVANNAH INTERNATIONAL AIRPORT, GA US","32.13133","-81.20237","14.0","2001-12","55.9","67.4","44.4"
"USW00003822","SAVANNAH INTERNATIONAL AIRPORT, GA US","32.13133","-81.20237","14.0","2002-01","52.2","63.6","40.9"
"USW00003822","SAVANNAH INTERNATIONAL AIRPORT, GA US","32.13133","-81.20237","14.0","2002-02","51.7","64.4","39.1"
"USW00003822","SAVANNAH INTERNATIONAL AIRPORT, GA US","32.13133","-81.20237","14.0","2002-03","60.6","73.2","48.1"
"USW00003822","SAVANNAH INTERNATIONAL AIRPORT, GA US","32.13133","-81.20237","14.0","2002-04","70.5","80.9","60.1"
"USW00003822","SAVANNAH INTERNATIONAL AIRPORT, GA US","32.13133","-81.20237","14.0","2002-05","72.7","84.8","60.5"
"USW00003822","SAVANNAH INTERNATIONAL AIRPORT, GA US","32.13133","-81.20237","14.0","2002-06","79.1","88.3","70.0"
"USW00003822","SAVANNAH INTERNATIONAL AIRPORT, GA US","32.13133","-81.20237","14.0","2002-07","82.4","91.8","73.1"
"USW00003822","SAVANNAH INTERNATIONAL AIRPORT, GA US","32.13133","-81.20237","14.0","2002-08","80.5","90.2","70.9"
"USW00003822","SAVANNAH INTERNATIONAL AIRPORT, GA US","32.13133","-81.20237","14.0","2002-09","79.4","86.7","72.2"
"USW00003822","SAVANNAH INTERNATIONAL AIRPORT, GA US","32.13133","-81.20237","14.0","2002-10","71.3","79.5","63.0"
"USW00003822","SAVANNAH INTERNATIONAL AIRPORT, GA US","32.13133","-81.20237","14.0","2002-11","56.2","67.5","45.0"
"USW00003822","SAVANNAH INTERNATIONAL AIRPORT, GA US","32.13133","-81.20237","14.0","2002-12","49.0","60.2","37.8"
"USW00003822","SAVANNAH INTERNATIONAL AIRPORT, GA US","32.13133","-81.20237","14.0","2003-01","45.4","56.9","33.9"
"USW00003822","SAVANNAH INTERNATIONAL AIRPORT, GA US","32.13133","-81.20237","14.0","2003-02","51.6","62.9","40.2"
"USW00003822","SAVANNAH INTERNATIONAL AIRPORT, GA US","32.13133","-81.20237","14.0","2003-03","61.5","70.8","52.3"
"USW00003822","SAVANNAH INTERNATIONAL AIRPORT, GA US","32.13133","-81.20237","14.0","2003-04","65.3","76.4","54.2"
"USW00003822","SAVANNAH INTERNATIONAL AIRPORT, GA US","32.13133","-81.20237","14.0","2003-05","74.2","84.0","64.5"
"USW00003822","SAVANNAH INTERNATIONAL AIRPORT, GA US","32.13133","-81.20237","14.0","2003-06","78.8","88.0","69.6"
"USW00003822","SAVANNAH INTERNATIONAL AIRPORT, GA US","32.13133","-81.20237","14.0","2003-07","81.8","90.3","73.2"
"USW00003822","SAVANNAH INTERNATIONAL AIRPORT, GA US","32.13133","-81.20237","14.0","2003-08","81.8","90.2","73.4"
"USW00003822","SAVANNAH INTERNATIONAL AIRPORT, GA US","32.13133","-81.20237","14.0","2003-09","76.1","85.0","67.2"
"USW00003822","SAVANNAH INTERNATIONAL AIRPORT, GA US","32.13133","-81.20237","14.0","2003-10","69.0","79.6","58.3"
"USW00003822","SAVANNAH INTERNATIONAL AIRPORT, GA US","32.13133","-81.20237","14.0","2003-11","63.0","75.1","50.9"
"USW00003822","SAVANNAH INTERNATIONAL AIRPORT, GA US","32.13133","-81.20237","14.0","2003-12","48.1","60.6","35.5"
"USW00003822","SAVANNAH INTERNATIONAL AIRPORT, GA US","32.13133","-81.20237","14.0","2004-01","48.5","60.4","36.5"
"USW00003822","SAVANNAH INTERNATIONAL AIRPORT, GA US","32.13133","-81.20237","14.0","2004-02","49.5","59.1","39.8"
"USW00003822","SAVANNAH INTERNATIONAL AIRPORT, GA US","32.13133","-81.20237","14.0","2004-03","60.0","72.8","47.2"
"USW00003822","SAVANNAH INTERNATIONAL AIRPORT, GA US","32.13133","-81.20237","14.0","2004-04","64.3","77.3","51.3"
"USW00003822","SAVANNAH INTERNATIONAL AIRPORT, GA US","32.13133","-81.20237","14.0","2004-05","74.9","85.9","63.9"
"USW00003822","SAVANNAH INTERNATIONAL AIRPORT, GA US","32.13133","-81.20237","14.0","2004-06","80.4","89.5","71.2"
"USW00003822","SAVANNAH INTERNATIONAL AIRPORT, GA US","32.13133","-81.20237","14.0","2004-07","81.7","90.9","72.5"
"USW00003822","SAVANNAH INTERNATIONAL AIRPORT, GA US","32.13133","-81.20237","14.0","2004-08","79.6","87.9","71.3"
"USW00003822","SAVANNAH INTERNATIONAL AIRPORT, GA US","32.13133","-81.20237","14.0","2004-09","76.6","83.9","69.2"
"USW00003822","SAVANNAH INTERNATIONAL AIRPORT, GA US","32.13133","-81.20237","14.0","2004-10","69.2","77.8","60.7"
"USW00003822","SAVANNAH INTERNATIONAL AIRPORT, GA US","32.13133","-81.20237","14.0","2004-11","60.6","70.8","50.3"
"USW00003822","SAVANNAH INTERNATIONAL AIRPORT, GA US","32.13133","-81.20237","14.0","2004-12","49.6","60.8","38.5"
"USW00003822","SAVANNAH INTERNATIONAL AIRPORT, GA US","32.13133","-81.20237","14.0","2005-01","51.9","62.5","41.3"
"USW00003822","SAVANNAH INTERNATIONAL AIRPORT, GA US","32.13133","-81.20237","14.0","2005-02","52.4","63.1","41.7"
"USW00003822","SAVANNAH INTERNATIONAL AIRPORT, GA US","32.13133","-81.20237","14.0","2005-03","55.8","66.8","44.7"
"USW00003822","SAVANNAH INTERNATIONAL AIRPORT, GA US","32.13133","-81.20237","14.0","2005-04","61.7","73.9","49.4"
"USW00003822","SAVANNAH INTERNATIONAL AIRPORT, GA US","32.13133","-81.20237","14.0","2005-05","70.1","81.2","58.9"
"USW00003822","SAVANNAH INTERNATIONAL AIRPORT, GA US","32.13133","-81.20237","14.0","2005-06","78.5","86.6","70.4"
"USW00003822","SAVANNAH INTERNATIONAL AIRPORT, GA US","32.13133","-81.20237","14.0","2005-07","83.0","92.5","73.6"
"USW00003822","SAVANNAH INTERNATIONAL AIRPORT, GA US","32.13133","-81.20237","14.0","2005-08","82.2","90.4","74.0"
"USW00003822","SAVANNAH INTERNATIONAL AIRPORT, GA US","32.13133","-81.20237","14.0","2005-09","79.1","89.4","68.9"
"USW00003822","SAVANNAH INTERNATIONAL AIRPORT, GA US","32.13133","-81.20237","14.0","2005-10","67.7","77.7","57.7"
"USW00003822","SAVANNAH INTERNATIONAL AIRPORT, GA US","32.13133","-81.20237","14.0","2005-11","59.9","72.4","47.5"
"USW00003822","SAVANNAH INTERNATIONAL AIRPORT, GA US","32.13133","-81.20237","14.0","2005-12","48.5","59.9","37.1"
"USW00003822","SAVANNAH INTERNATIONAL AIRPORT, GA US","32.13133","-81.20237","14.0","2006-01","53.9","65.4","42.3"
"USW00003822","SAVANNAH INTERNATIONAL AIRPORT, GA US","32.13133","-81.20237","14.0","2006-02","50.2","62.3","38.1"
"USW00003822","SAVANNAH INTERNATIONAL AIRPORT, GA US","32.13133","-81.20237","14.0","2006-03","57.1","69.9","44.3"
"USW00003822","SAVANNAH INTERNATIONAL AIRPORT, GA US","32.13133","-81.20237","14.0","2006-04","67.9","81.0","54.9"
"USW00003822","SAVANNAH INTERNATIONAL AIRPORT, GA US","32.13133","-81.20237","14.0","2006-05","72.2","85.0","59.3"
"USW00003822","SAVANNAH INTERNATIONAL AIRPORT, GA US","32.13133","-81.20237","14.0","2006-06","78.1","89.1","67.0"
"USW00003822","SAVANNAH INTERNATIONAL AIRPORT, GA US","32.13133","-81.20237","14.0","2006-07","81.4","92.6","70.2"
"USW00003822","SAVANNAH INTERNATIONAL AIRPORT, GA US","32.13133","-81.20237","14.0","2006-08","82.8","92.2","73.3"
"USW00003822","SAVANNAH INTERNATIONAL AIRPORT, GA US","32.13133","-81.20237","14.0","2006-09","76.3","86.1","66.5"
"USW00003822","SAVANNAH INTERNATIONAL AIRPORT, GA US","32.13133","-81.20237","14.0","2006-10","65.4","77.4","53.4"
"USW00003822","SAVANNAH INTERNATIONAL AIRPORT, GA US","32.13133","-81.20237","14.0","2006-11","56.9","68.9","45.0"
"USW00003822","SAVANNAH INTERNATIONAL AIRPORT, GA US","32.13133","-81.20237","14.0","2006-12","56.1","67.2","45.0"
"USW00003822","SAVANNAH INTERNATIONAL AIRPORT, GA US","32.13133","-81.20237","14.0","2007-01","52.5","62.9","42.1"
"USW00003822","SAVANNAH INTERNATIONAL AIRPORT, GA US","32.13133","-81.20237","14.0","2007-02","50.3","62.8","37.7"
"USW00003822","SAVANNAH INTERNATIONAL AIRPORT, GA US","32.13133","-81.20237","14.0","2007-03","60.9","74.7","47.1"
"USW00003822","SAVANNAH INTERNATIONAL AIRPORT, GA US","32.13133","-81.20237","14.0","2007-04","64.3","78.2","50.5"
"USW00003822","SAVANNAH INTERNATIONAL AIRPORT, GA US","32.13133","-81.20237","14.0","2007-05","72.2","83.5","61.0"
"USW00003822","SAVANNAH INTERNATIONAL AIRPORT, GA US","32.13133","-81.20237","14.0","2007-06","78.7","88.3","69.1"
"USW00003822","SAVANNAH INTERNATIONAL AIRPORT, GA US","32.13133","-81.20237","14.0","2007-07","81.2","90.8","71.5"
"USW00003822","SAVANNAH INTERNATIONAL AIRPORT, GA US","32.13133","-81.20237","14.0","2007-08","83.6","92.4","74.7"
"USW00003822","SAVANNAH INTERNATIONAL AIRPORT, GA US","32.13133","-81.20237","14.0","2007-09","77.7","86.0","69.4"
"USW00003822","SAVANNAH INTERNATIONAL AIRPORT, GA US","32.13133","-81.20237","14.0","2007-10","71.5","79.8","63.3"
"USW00003822","SAVANNAH INTERNATIONAL AIRPORT, GA US","32.13133","-81.20237","14.0","2007-11","57.7","69.8","45.5"
"USW00003822","SAVANNAH INTERNATIONAL AIRPORT, GA US","32.13133","-81.20237","14.0","2007-12","56.9","68.4","45.3"
"USW00003822","SAVANNAH INTERNATIONAL AIRPORT, GA US","32.13133","-81.20237","14.0","2008-01","49.1","59.1","39.0"
"USW00003822","SAVANNAH INTERNATIONAL AIRPORT, GA US","32.13133","-81.20237","14.0","2008-02","56.0","69.0","43.0"
"USW00003822","SAVANNAH INTERNATIONAL AIRPORT, GA US","32.13133","-81.20237","14.0","2008-03","59.7","71.8","47.6"
"USW00003822","SAVANNAH INTERNATIONAL AIRPORT, GA US","32.13133","-81.20237","14.0","2008-04","65.9","77.3","54.5"
"USW00003822","SAVANNAH INTERNATIONAL AIRPORT, GA US","32.13133","-81.20237","14.0","2008-05","73.2","84.3","62.0"
"USW00003822","SAVANNAH INTERNATIONAL AIRPORT, GA US","32.13133","-81.20237","14.0","2008-06","82.4","93.4","71.5"
"USW00003822","SAVANNAH INTERNATIONAL AIRPORT, GA US","32.13133","-81.20237","14.0","2008-07","82.3","92.0","72.6"
"USW00003822","SAVANNAH INTERNATIONAL AIRPORT, GA US","32.13133","-81.20237","14.0","2008-08","82.0","90.3","73.8"
"USW00003822","SAVANNAH INTERNATIONAL AIRPORT, GA US","32.13133","-81.20237","14.0","2008-09","77.7","86.5","69.0"
"USW00003822","SAVANNAH INTERNATIONAL AIRPORT, GA US","32.13133","-81.20237","14.0","2008-10","66.3","76.5","56.0"
"USW00003822","SAVANNAH INTERNATIONAL AIRPORT, GA US","32.13133","-81.20237","14.0","2008-11","55.3","66.2","44.5"
"USW00003822","SAVANNAH INTERNATIONAL AIRPORT, GA US","32.13133","-81.20237","14.0","2008-12","56.7","67.5","46.0"
"USW00003822","SAVANNAH INTERNATIONAL AIRPORT, GA US","32.13133","-81.20237","14.0","2009-01","50.6","61.0","40.2"
"USW00003822","SAVANNAH INTERNATIONAL AIRPORT, GA US","32.13133","-81.20237","14.0","2009-02","50.4","62.8","38.0"
"USW00003822","SAVANNAH INTERNATIONAL AIRPORT, GA US","32.13133","-81.20237","14.0","2009-03","59.5","71.1","47.9"
"USW00003822","SAVANNAH INTERNATIONAL AIRPORT, GA US","32.13133","-81.20237","14.0","2009-04","65.0","76.1","54.0"
"USW00003822","SAVANNAH INTERNATIONAL AIRPORT, GA US","32.13133","-81.20237","14.0","2009-05","74.2","82.9","65.4"
"USW00003822","SAVANNAH INTERNATIONAL AIRPORT, GA US","32.13133","-81.20237","14.0","2009-06","81.9","91.4","72.3"
"USW00003822","SAVANNAH INTERNATIONAL AIRPORT, GA US","32.13133","-81.20237","14.0","2009-07","80.9","90.2","71.6"
"USW00003822","SAVANNAH INTERNATIONAL AIRPORT, GA US","32.13133","-81.20237","14.0","2009-08","81.2","89.8","72.6"
"USW00003822","SAVANNAH INTERNATIONAL AIRPORT, GA US","32.13133","-81.20237","14.0","2009-09","77.0","85.9","68.2"
"USW00003822","SAVANNAH INTERNATIONAL AIRPORT, GA US","32.13133","-81.20237","14.0","2009-10","68.6","78.7","58.6"
"USW00003822","SAVANNAH INTERNATIONAL AIRPORT, GA US","32.13133","-81.20237","14.0","2009-11","59.4","69.7","49.2"
"USW00003822","SAVANNAH INTERNATIONAL AIRPORT, GA US","32.13133","-81.20237","14.0","2009-12","52.0","61.6","42.4"
"USW00003822","SAVANNAH INTERNATIONAL AIRPORT, GA US","32.13133","-81.20237","14.0","2010-01","45.5","56.2","34.8"
"USW00003822","SAVANNAH INTERNATIONAL AIRPORT, GA US","32.13133","-81.20237","14.0","2010-02","46.3","57.0","35.5"
"USW00003822","SAVANNAH INTERNATIONAL AIRPORT, GA US","32.13133","-81.20237","14.0","2010-03","55.6","67.2","44.0"
"USW00003822","SAVANNAH INTERNATIONAL AIRPORT, GA US","32.13133","-81.20237","14.0","2010-04","67.0","79.7","54.4"
"USW00003822","SAVANNAH INTERNATIONAL AIRPORT, GA US","32.13133","-81.20237","14.0","2010-05","75.9","85.7","66.2"
"USW00003822","SAVANNAH INTERNATIONAL AIRPORT, GA US","32.13133","-81.20237","14.0","2010-06","83.5","93.8","73.3"
"USW00003822","SAVANNAH INTERNATIONAL AIRPORT, GA US","32.13133","-81.20237","14.0","2010-07","83.9","93.7","74.1"
"USW00003822","SAVANNAH INTERNATIONAL AIRPORT, GA US","32.13133","-81.20237","14.0","2010-08","84.2","93.0","75.3"
"USW00003822","SAVANNAH INTERNATIONAL AIRPORT, GA US","32.13133","-81.20237","14.0","2010-09","79.2","89.5","68.9"
"USW00003822","SAVANNAH INTERNATIONAL AIRPORT, GA US","32.13133","-81.20237","14.0","2010-10","69.1","81.9","56.2"
"USW00003822","SAVANNAH INTERNATIONAL AIRPORT, GA US","32.13133","-81.20237","14.0","2010-11","58.4","72.1","44.7"
"USW00003822","SAVANNAH INTERNATIONAL AIRPORT, GA US","32.13133","-81.20237","14.0","2010-12","43.7","56.0","31.4"
"USW00003822","SAVANNAH INTERNATIONAL AIRPORT, GA US","32.13133","-81.20237","14.0","2011-01","45.1","56.5","33.7"
"USW00003822","SAVANNAH INTERNATIONAL AIRPORT, GA US","32.13133","-81.20237","14.0","2011-02","55.4","67.0","43.7"
"USW00003822","SAVANNAH INTERNATIONAL AIRPORT, GA US","32.13133","-81.20237","14.0","2011-03","60.9","73.8","48.0"
"USW00003822","SAVANNAH INTERNATIONAL AIRPORT, GA US","32.13133","-81.20237","14.0","2011-04","69.6","82.5","56.7"
"USW00003822","SAVANNAH INTERNATIONAL AIRPORT, GA US","32.13133","-81.20237","14.0","2011-05","75.0","87.1","62.8"
"USW00003822","SAVANNAH INTERNATIONAL AIRPORT, GA US","32.13133","-81.20237","14.0","2011-06","83.0","94.6","71.4"
"USW00003822","SAVANNAH INTERNATIONAL AIRPORT, GA US","32.13133","-81.20237","14.0","2011-07","84.2","94.2","74.3"
"USW00003822","SAVANNAH INTERNATIONAL AIRPORT, GA US","32.13133","-81.20237","14.0","2011-08","84.8","94.8","74.7"
"USW00003822","SAVANNAH INTERNATIONAL AIRPORT, GA US","32.13133","-81.20237","14.0","2011-09","77.3","87.5","67.2"
"USW00003822","SAVANNAH INTERNATIONAL AIRPORT, GA US","32.13133","-81.20237","14.0","2011-10","64.6","76.6","52.6"
"USW00003822","SAVANNAH INTERNATIONAL AIRPORT, GA US","32.13133","-81.20237","14.0","2011-11","59.7","72.6","46.8"
"USW00003822","SAVANNAH INTERNATIONAL AIRPORT, GA US","32.13133","-81.20237","14.0","2011-12","55.8","67.9","43.6"
"USW00003822","SAVANNAH INTERNATIONAL AIRPORT, GA US","32.13133","-81.20237","14.0","2012-01","53.3","66.6","40.1"
"USW00003822","SAVANNAH INTERNATIONAL AIRPORT, GA US","32.13133","-81.20237","14.0","2012-02","56.7","68.2","45.3"
"USW00003822","SAVANNAH INTERNATIONAL AIRPORT, GA US","32.13133","-81.20237","14.0","2012-03","66.9","78.2","55.7"
"USW00003822","SAVANNAH INTERNATIONAL AIRPORT, GA US","32.13133","-81.20237","14.0","2012-04","68.6","80.8","56.3"
"USW00003822","SAVANNAH INTERNATIONAL AIRPORT, GA US","32.13133","-81.20237","14.0","2012-05","75.9","85.8","65.9"
"USW00003822","SAVANNAH INTERNATIONAL AIRPORT, GA US","32.13133","-81.20237","14.0","2012-06","77.4","87.0","67.8"
"USW00003822","SAVANNAH INTERNATIONAL AIRPORT, GA US","32.13133","-81.20237","14.0","2012-07","83.9","93.7","74.2"
"USW00003822","SAVANNAH INTERNATIONAL AIRPORT, GA US","32.13133","-81.20237","14.0","2012-08","80.6","89.0","72.2"
"USW00003822","SAVANNAH INTERNATIONAL AIRPORT, GA US","32.13133","-81.20237","14.0","2012-09","77.0","86.5","67.5"
"USW00003822","SAVANNAH INTERNATIONAL AIRPORT, GA US","32.13133","-81.20237","14.0","2012-10","68.8","78.7","58.9"
"USW00003822","SAVANNAH INTERNATIONAL AIRPORT, GA US","32.13133","-81.20237","14.0","2012-11","55.0","66.8","43.2"
"USW00003822","SAVANNAH INTERNATIONAL AIRPORT, GA US","32.13133","-81.20237","14.0","2012-12","55.9","66.9","45.0"
"USW00003822","SAVANNAH INTERNATIONAL AIRPORT, GA US","32.13133","-81.20237","14.0","2013-01","56.8","68.3","45.3"
"USW00003822","SAVANNAH INTERNATIONAL AIRPORT, GA US","32.13133","-81.20237","14.0","2013-02","53.1","64.4","41.7"
"USW00003822","SAVANNAH INTERNATIONAL AIRPORT, GA US","32.13133","-81.20237","14.0","2013-03","53.8","65.8","41.8"
"USW00003822","SAVANNAH INTERNATIONAL AIRPORT, GA US","32.13133","-81.20237","14.0","2013-04","66.4","77.8","54.9"
"USW00003822","SAVANNAH INTERNATIONAL AIRPORT, GA US","32.13133","-81.20237","14.0","2013-05","71.7","81.9","61.4"
"USW00003822","SAVANNAH INTERNATIONAL AIRPORT, GA US","32.13133","-81.20237","14.0","2013-06","80.3","88.8","71.8"
"USW00003822","SAVANNAH INTERNATIONAL AIRPORT, GA US","32.13133","-81.20237","14.0","2013-07","81.1","88.6","73.6"
"USW00003822","SAVANNAH INTERNATIONAL AIRPORT, GA US","32.13133","-81.20237","14.0","2013-08","81.4","89.6","73.2"
"USW00003822","SAVANNAH INTERNATIONAL AIRPORT, GA US","32.13133","-81.20237","14.0","2013-09","77.6","86.6","68.6"
"USW00003822","SAVANNAH INTERNATIONAL AIRPORT, GA US","32.13133","-81.20237","14.0","2013-10","69.4","80.3","58.5"
"USW00003822","SAVANNAH INTERNATIONAL AIRPORT, GA US","32.13133","-81.20237","14.0","2013-11","58.7","69.9","47.6"
"USW00003822","SAVANNAH INTERNATIONAL AIRPORT, GA US","32.13133","-81.20237","14.0","2013-12","57.3","68.3","46.3"
"USW00003822","SAVANNAH INTERNATIONAL AIRPORT, GA US","32.13133","-81.20237","14.0","2014-01","46.5","57.4","35.5"
"USW00003822","SAVANNAH INTERNATIONAL AIRPORT, GA US","32.13133","-81.20237","14.0","2014-02","55.2","66.6","43.8"
"USW00003822","SAVANNAH INTERNATIONAL AIRPORT, GA US","32.13133","-81.20237","14.0","2014-03","56.6","68.3","44.9"
"USW00003822","SAVANNAH INTERNATIONAL AIRPORT, GA US","32.13133","-81.20237","14.0","2014-04","68.1","79.3","56.9"
"USW00003822","SAVANNAH INTERNATIONAL AIRPORT, GA US","32.13133","-81.20237","14.0","2014-05","75.2","86.1","64.2"
"USW00003822","SAVANNAH INTERNATIONAL AIRPORT, GA US","32.13133","-81.20237","14.0","2014-06","81.1","91.0","71.2"
"USW00003822","SAVANNAH INTERNATIONAL AIRPORT, GA US","32.13133","-81.20237","14.0","2014-07","82.9","92.0","73.8"
"USW00003822","SAVANNAH INTERNATIONAL AIRPORT, GA US","32.13133","-81.20237","14.0","2014-08","83.1","92.7","73.6"
"USW00003822","SAVANNAH INTERNATIONAL AIRPORT, GA US","32.13133","-81.20237","14.0","2014-09","78.4","86.2","70.6"
"USW00003822","SAVANNAH INTERNATIONAL AIRPORT, GA US","32.13133","-81.20237","14.0","2014-10","70.0","82.1","57.9"
"USW00003822","SAVANNAH INTERNATIONAL AIRPORT, GA US","32.13133","-81.20237","14.0","2014-11","56.5","68.5","44.5"
"USW00003822","SAVANNAH INTERNATIONAL AIRPORT, GA US","32.13133","-81.20237","14.0","2014-12","55.8","66.4","45.1"
"USW00003822","SAVANNAH INTERNATIONAL AIRPORT, GA US","32.13133","-81.20237","14.0","2015-01","49.6","60.3","38.9"
"USW00003822","SAVANNAH INTERNATIONAL AIRPORT, GA US","32.13133","-81.20237","14.0","2015-02","47.4","58.7","36.0"
"USW00003822","SAVANNAH INTERNATIONAL AIRPORT, GA US","32.13133","-81.20237","14.0","2015-03","62.0","72.8","51.1"
"USW00003822","SAVANNAH INTERNATIONAL AIRPORT, GA US","32.13133","-81.20237","14.0","2015-04","70.3","80.0","60.6"
"USW00003822","SAVANNAH INTERNATIONAL AIRPORT, GA US","32.13133","-81.20237","14.0","2015-05","74.1","84.8","63.4"
"USW00003822","SAVANNAH INTERNATIONAL AIRPORT, GA US","32.13133","-81.20237","14.0","2015-06","81.6","91.8","71.3"
"USW00003822","SAVANNAH INTERNATIONAL AIRPORT, GA US","32.13133","-81.20237","14.0","2015-07","83.7","93.5","73.8"
"USW00003822","SAVANNAH INTERNATIONAL AIRPORT, GA US","32.13133","-81.20237","14.0","2015-08","81.8","90.0","73.5"
"USW00003822","SAVANNAH INTERNATIONAL AIRPORT, GA US","32.13133","-81.20237","14.0","2015-09","77.2","85.2","69.3"
"USW00003822","SAVANNAH INTERNATIONAL AIRPORT, GA US","32.13133","-81.20237","14.0","2015-10","68.2","78.1","58.3"
"USW00003822","SAVANNAH INTERNATIONAL AIRPORT, GA US","32.13133","-81.20237","14.0","2015-11","64.2","73.6","54.7"
"USW00003822","SAVANNAH INTERNATIONAL AIRPORT, GA US","32.13133","-81.20237","14.0","2015-12","64.2","74.1","54.4"
"USW00003822","SAVANNAH INTERNATIONAL AIRPORT, GA US","32.13133","-81.20237","14.0","2016-01","48.9","59.2","38.6"
"USW00003822","SAVANNAH INTERNATIONAL AIRPORT, GA US","32.13133","-81.20237","14.0","2016-02","54.0","66.2","41.9"
"USW00003822","SAVANNAH INTERNATIONAL AIRPORT, GA US","32.13133","-81.20237","14.0","2016-03","65.0","76.3","53.7"
"USW00003822","SAVANNAH INTERNATIONAL AIRPORT, GA US","32.13133","-81.20237","14.0","2016-04","66.9","78.4","55.5"
"USW00003822","SAVANNAH INTERNATIONAL AIRPORT, GA US","32.13133","-81.20237","14.0","2016-05","74.0","84.3","63.7"
"USW00003822","SAVANNAH INTERNATIONAL AIRPORT, GA US","32.13133","-81.20237","14.0","2016-06","82.0","91.9","72.2"
"USW00003822","SAVANNAH INTERNATIONAL AIRPORT, GA US","32.13133","-81.20237","14.0","2016-07","86.1","96.8","75.5"
"USW00003822","SAVANNAH INTERNATIONAL AIRPORT, GA US","32.13133","-81.20237","14.0","2016-08","84.3","93.7","74.9"
"USW00003822","SAVANNAH INTERNATIONAL AIRPORT, GA US","32.13133","-81.20237","14.0","2016-09","79.6","88.7","70.4"
"USW00003822","SAVANNAH INTERNATIONAL AIRPORT, GA US","32.13133","-81.20237","14.0","2016-10","70.8","81.9","59.6"
"USW00003822","SAVANNAH INTERNATIONAL AIRPORT, GA US","32.13133","-81.20237","14.0","2016-11","61.1","73.5","48.7"
"USW00003822","SAVANNAH INTERNATIONAL AIRPORT, GA US","32.13133","-81.20237","14.0","2016-12","56.4","67.1","45.6"
"USW00003822","SAVANNAH INTERNATIONAL AIRPORT, GA US","32.13133","-81.20237","14.0","2017-01","58.1","69.2","47.1"
"USW00003822","SAVANNAH INTERNATIONAL AIRPORT, GA US","32.13133","-81.20237","14.0","2017-02","61.4","74.0","48.7"
"USW00003822","SAVANNAH INTERNATIONAL AIRPORT, GA US","32.13133","-81.20237","14.0","2017-03","61.0","73.6","48.4"
"USW00003822","SAVANNAH INTERNATIONAL AIRPORT, GA US","32.13133","-81.20237","14.0","2017-04","71.0","83.0","59.0"
"USW00003822","SAVANNAH INTERNATIONAL AIRPORT, GA US","32.13133","-81.20237","14.0","2017-05","75.5","87.1","64.0"
"USW00003822","SAVANNAH INTERNATIONAL AIRPORT, GA US","32.13133","-81.20237","14.0","2017-06","80.5","89.3","71.6"
"USW00003822","SAVANNAH INTERNATIONAL AIRPORT, GA US","32.13133","-81.20237","14.0","2017-07","83.3","92.4","74.2"
"USW00003822","SAVANNAH INTERNATIONAL AIRPORT, GA US","32.13133","-81.20237","14.0","2017-08","82.7","91.3","74.1"
"USW00003822","SAVANNAH INTERNATIONAL AIRPORT, GA US","32.13133","-81.20237","14.0","2017-09","78.9","88.7","69.1"
"USW00003822","SAVANNAH INTERNATIONAL AIRPORT, GA US","32.13133","-81.20237","14.0","2017-10","71.2","81.5","60.9"
"USW00003822","SAVANNAH INTERNATIONAL AIRPORT, GA US","32.13133","-81.20237","14.0","2017-11","60.2","72.0","48.3"
"USW00003822","SAVANNAH INTERNATIONAL AIRPORT, GA US","32.13133","-81.20237","14.0","2017-12","53.0","62.7","43.2"
"USW00003822","SAVANNAH INTERNATIONAL AIRPORT, GA US","32.13133","-81.20237","14.0","2018-01","46.7","58.3","35.1"
"USW00003822","SAVANNAH INTERNATIONAL AIRPORT, GA US","32.13133","-81.20237","14.0","2018-02","63.5","74.6","52.4"
"USW00003822","SAVANNAH INTERNATIONAL AIRPORT, GA US","32.13133","-81.20237","14.0","2018-03","58.0","70.6","45.4"
"USW00003822","SAVANNAH INTERNATIONAL AIRPORT, GA US","32.13133","-81.20237","14.0","2018-04","64.2","76.2","52.3"
"USW00003822","SAVANNAH INTERNATIONAL AIRPORT, GA US","32.13133","-81.20237","14.0","2018-05","76.3","86.5","66.2"
"USW00003822","SAVANNAH INTERNATIONAL AIRPORT, GA US","32.13133","-81.20237","14.0","2018-06","82.1","92.0","72.2"
"USW00003822","SAVANNAH INTERNATIONAL AIRPORT, GA US","32.13133","-81.20237","14.0","2018-07","82.9","92.0","73.8"
"USW00003822","SAVANNAH INTERNATIONAL AIRPORT, GA US","32.13133","-81.20237","14.0","2018-08","82.2","91.3","73.0"
"USW00003822","SAVANNAH INTERNATIONAL AIRPORT, GA US","32.13133","-81.20237","14.0","2018-09","81.8","90.5","73.0"
"USW00003822","SAVANNAH INTERNATIONAL AIRPORT, GA US","32.13133","-81.20237","14.0","2018-10","72.2","82.5","61.8"
"USW00003822","SAVANNAH INTERNATIONAL AIRPORT, GA US","32.13133","-81.20237","14.0","2018-11","58.7","68.3","49.1"
"USW00003822","SAVANNAH INTERNATIONAL AIRPORT, GA US","32.13133","-81.20237","14.0","2018-12","54.5","63.6","45.3"
"USW00003822","SAVANNAH INTERNATIONAL AIRPORT, GA US","32.13133","-81.20237","14.0","2019-01","52.4","62.8","42.0"
